Num,Building,Top0Bottom1,Floor,X,Y
757670,2000,1,0,66,983
323158,2000,0,2,667,772
753714,0000,1,3,594,844
938294,3000,1,1,820,29
010741,7000,1,0,516,997
245094,7000,1,2,8,562
787786,7000,1,2,159,838
783912,0000,0,3,122,305
738707,6000,1,0,937,561
948516,3000,1,1,512,736
902930,0000,0,3,564,601
464181,5000,1,0,28,631
745193,6000,0,3,602,481
945504,2000,0,3,760,55
795069,1000,1,1,567,11
758717,3000,0,3,588,32
799755,7000,0,3,669,541
063264,9000,0,1,407,391
016561,8000,0,3,291,1
519824,8000,1,1,980,219
040165,9000,0,1,11,398
265509,8000,1,2,618,96
611336,9000,0,2,851,166
261409,8000,0,1,149,139
462477,1000,0,3,969,15
792034,7000,1,3,964,454
494528,3000,1,0,203,452
194441,7000,0,2,897,518
383634,0000,0,1,812,374
674426,9000,0,1,740,267
946231,9000,0,1,135,872
105388,4000,1,0,815,864
425580,9000,0,1,250,373
931160,4000,1,1,701,816
321045,6000,1,3,281,486
321469,3000,1,3,287,202
769602,1000,0,3,299,515
481714,0000,1,3,874,661
762913,2000,0,2,112,714
376599,1000,1,2,407,75
969334,8000,0,0,779,987
143283,6000,0,0,203,797
429450,3000,0,1,258,518
847667,4000,0,3,659,473
523996,7000,1,3,519,459
565884,8000,0,0,589,20
331376,0000,1,3,330,867
233571,2000,1,1,35,39
358135,2000,0,3,455,141
467759,4000,1,2,532,209
685840,3000,1,2,728,18
594040,0000,0,3,456,451
321425,8000,0,3,250,356
459569,9000,0,0,901,45
160953,6000,1,2,270,746
529510,8000,1,1,233,903
521453,7000,0,2,136,577
549256,8000,0,2,586,594
248635,3000,0,2,88,778
086505,3000,0,1,271,633
947150,3000,0,2,345,995
499205,0000,0,2,325,158
803320,1000,1,2,459,926
950768,9000,1,3,859,464
800119,7000,0,3,686,359
896167,2000,0,3,659,880
459903,1000,0,3,315,667
496841,6000,0,1,688,34
790110,8000,1,2,453,492
390192,4000,1,2,650,285
508412,3000,1,1,283,440
673907,1000,0,0,711,229
636726,3000,0,1,691,803
340787,1000,0,3,496,789
208368,0000,1,1,668,132
664090,4000,1,2,420,724
775164,6000,1,2,41,954
952450,3000,1,3,44,983
810210,1000,1,2,577,6
769567,9000,1,3,38,161
121799,3000,0,1,882,421
161315,7000,1,1,693,707
936745,8000,0,3,319,827
926780,7000,0,0,840,207
310485,5000,1,3,955,784
535217,2000,1,0,298,263
556324,3000,1,2,99,19
993118,0000,0,2,434,838
535251,5000,1,1,777,965
507075,0000,0,0,840,607
474179,6000,1,2,969,314
186578,8000,0,0,539,89
637211,0000,1,3,363,545
959099,1000,0,3,717,739
942274,9000,0,1,151,287
520881,9000,0,3,867,986
844056,9000,1,0,577,370
212785,0000,1,2,403,389
654685,0000,0,1,904,36
262614,0000,0,2,321,368
149978,0000,1,3,265,125
707517,1000,0,0,545,730
520320,9000,1,3,178,376
319606,2000,1,0,964,594
681536,8000,1,3,643,808
307937,0000,1,1,799,38
633538,3000,0,0,181,163
986851,5000,0,0,827,951
076448,1000,0,0,668,173
124631,7000,0,0,769,426
808214,8000,0,0,822,342
848007,4000,0,0,708,869
702646,0000,1,1,743,156
762708,8000,1,0,228,613
067949,0000,0,0,215,526
701477,7000,1,0,848,500
343511,7000,1,0,875,131
348085,4000,1,0,715,169
140885,5000,0,1,789,629
256144,7000,1,2,84,954
139825,4000,1,1,874,699
511630,4000,0,0,510,86
437975,7000,0,2,908,649
681479,0000,1,2,845,241
858883,1000,1,0,964,441
837454,0000,1,2,150,757
593520,2000,1,0,798,585
954165,4000,1,0,650,14
577322,9000,1,3,644,351
523970,0000,0,1,89,670
476100,8000,0,1,647,19
052539,8000,1,0,432,57
284191,5000,1,1,502,587
809990,8000,0,0,54,495
227655,2000,0,1,874,110
684739,2000,1,2,816,447
312628,3000,0,1,987,141
924625,2000,1,1,161,610
757736,2000,1,2,977,725
176248,3000,1,0,387,898
951600,6000,1,2,988,833
364213,2000,1,1,942,620
868080,7000,1,1,432,280
703444,4000,0,2,489,183
128593,9000,0,3,281,706
172717,4000,1,1,42,264
279859,2000,0,2,800,622
099717,9000,1,0,507,934
557343,9000,1,1,174,309
381407,2000,1,0,892,842
979002,7000,1,3,925,407
282703,3000,1,2,93,618
919828,2000,0,3,847,112
650073,1000,1,0,659,423
805754,8000,1,2,296,10
813906,9000,0,2,71,698
155185,6000,1,3,279,539
281311,6000,0,0,764,804
289785,7000,0,2,560,201
215753,3000,0,0,836,806
947909,6000,1,0,306,796
537748,1000,1,1,8,271
407270,2000,1,3,757,411
571216,9000,1,0,163,719
876158,4000,1,1,122,146
492216,9000,1,3,704,233
648039,1000,1,1,801,572
423479,7000,0,0,218,40
064652,2000,0,1,215,376
841149,7000,0,1,586,969
516757,3000,0,0,965,776
695700,2000,0,2,634,981
286863,8000,0,3,379,930
277877,2000,0,1,319,841
255487,9000,1,2,535,510
742960,2000,1,1,92,464
339813,4000,1,3,632,874
398412,0000,1,1,197,230
682056,5000,0,0,872,298
622354,7000,1,1,517,208
764548,4000,0,2,336,40
662535,0000,1,0,936,467
148464,3000,0,0,176,836
504451,5000,0,0,344,252
574711,0000,1,0,950,755
099570,4000,1,1,214,846
839454,1000,0,1,633,694
377695,0000,1,1,905,393
181820,3000,0,3,508,542
536058,9000,1,0,132,371
929000,8000,1,2,992,693
320667,4000,1,3,884,56
194137,3000,1,2,918,907
085484,7000,1,3,235,72
203564,6000,0,2,791,42
912614,4000,1,1,478,223
058436,5000,0,1,632,332
141724,3000,0,3,360,519
903261,8000,0,1,274,258
062723,8000,0,3,672,266
667361,3000,1,3,913,882
336225,1000,1,2,59,442
554315,6000,1,3,289,11
596283,7000,0,1,499,141
424228,9000,0,1,876,546
445810,2000,0,2,365,743
554480,1000,0,3,156,233
126235,9000,1,0,118,260
468043,5000,1,0,991,407
517987,7000,0,2,466,469
342010,6000,0,1,511,185
098814,3000,0,1,366,258
475226,0000,0,1,784,133
027889,0000,1,2,642,451
637107,1000,1,1,37,268
725540,3000,1,3,8,135
125673,2000,0,1,48,926
023438,4000,0,3,581,787
671093,8000,1,2,969,733
831851,0000,0,2,102,394
847051,2000,1,1,619,186
792188,6000,0,0,333,55
509665,1000,1,3,697,800
050195,7000,1,1,138,797
850506,5000,0,2,322,87
159319,5000,0,3,409,104
372464,3000,0,1,59,453
647273,4000,1,0,177,588
405547,9000,0,3,525,603
774941,7000,1,1,517,986
199739,6000,1,1,105,116
859049,4000,1,2,105,666
275610,5000,0,1,135,380
894955,7000,1,2,617,702
465316,1000,1,2,520,965
175872,6000,1,3,128,580
474417,0000,1,1,733,90
184354,4000,1,0,652,82
349934,5000,0,0,398,847
636770,7000,1,2,715,99
526249,8000,0,3,32,224
142476,9000,1,3,822,872
624076,3000,0,1,459,607
856934,7000,1,3,968,72
869363,4000,0,1,779,636
168699,0000,1,0,792,520
090771,3000,1,2,444,281
730099,7000,0,3,337,181
782200,9000,1,0,674,109
793393,5000,1,0,123,501
490671,7000,0,2,940,211
874716,1000,1,3,927,888
376185,8000,1,3,850,284
368678,6000,1,3,494,306
970626,9000,0,3,152,417
142027,5000,0,0,292,1000
971695,5000,1,3,74,842
077235,0000,1,3,263,348
529907,1000,1,0,536,8
187979,3000,1,3,437,341
019333,1000,0,3,292,219
101784,8000,1,0,386,324
715559,8000,0,2,606,525
522820,7000,0,3,888,457
470213,7000,1,2,217,817
949199,9000,0,0,158,640
584420,6000,1,2,832,509
602026,7000,1,1,659,227
109277,2000,0,3,911,974
296178,3000,0,0,819,826
034261,3000,0,1,620,24
756650,0000,0,3,286,568
219075,0000,0,1,731,394
791628,0000,0,0,303,768
832801,7000,1,0,14,784
373831,8000,0,0,735,187
102074,5000,1,2,498,2
919262,9000,1,0,49,221
639081,8000,1,3,163,848
797111,9000,1,1,409,702
258392,1000,1,3,797,259
067050,1000,0,2,57,129
468336,5000,0,1,593,911
586287,1000,0,2,541,858
153477,5000,0,2,12,593
250607,5000,1,3,884,266
841010,2000,1,3,7,64
802967,0000,0,0,67,65
468605,6000,1,1,376,832
042836,4000,0,0,992,422
168378,5000,1,2,477,481
108317,3000,0,0,227,464
841676,1000,0,0,640,534
400971,5000,1,2,565,367
599561,1000,1,1,122,105
487222,1000,1,0,90,142
117317,2000,1,0,236,924
057461,9000,1,3,953,356
754446,1000,1,0,157,765
363884,9000,1,3,488,549
345267,1000,0,0,278,998
671475,3000,0,3,79,950
201373,7000,1,3,318,147
646440,2000,1,0,483,68
157360,3000,0,1,468,918
671936,2000,0,2,334,643
068211,6000,1,2,897,615
814733,7000,1,3,453,956
002024,6000,0,2,336,554
556922,5000,1,1,752,904
572144,6000,1,2,59,34
088341,4000,1,2,119,877
732518,2000,0,0,994,530
184013,1000,1,0,117,699
698576,9000,0,3,472,107
063409,9000,0,1,822,685
274822,2000,1,1,721,739
327614,0000,0,1,611,334
448686,3000,1,3,231,336
156498,7000,0,1,641,82
299608,6000,1,3,118,783
049655,8000,1,3,312,382
112847,2000,1,3,806,252
755971,4000,0,0,768,254
550971,2000,1,2,690,665
346624,9000,0,0,386,84
166795,2000,0,0,582,750
659503,4000,1,3,898,644
381320,8000,1,1,978,376
346843,1000,1,2,903,879
891902,5000,1,3,439,485
404114,6000,0,2,780,853
338116,5000,1,1,217,949
124818,3000,1,2,227,394
568826,7000,0,1,67,399
543516,8000,0,2,407,158
629746,1000,1,1,41,79
338532,4000,1,1,928,722
659598,7000,0,2,108,601
627401,1000,0,2,964,204
759704,4000,0,2,653,244
801738,3000,0,3,672,624
406541,8000,1,0,733,419
351805,0000,0,2,38,587
692583,1000,1,3,729,204
151019,0000,0,2,46,985
537767,2000,1,0,415,16
802083,8000,1,2,482,384
224273,5000,1,2,226,772
302013,5000,1,2,340,455
525643,3000,1,2,479,908
244779,1000,1,0,70,948
502348,1000,1,1,430,1000
166282,7000,0,1,706,249
176685,2000,0,0,499,947
541602,5000,0,1,762,924
154195,7000,0,1,792,951
222452,9000,1,2,346,769
760577,1000,1,1,603,210
869717,1000,1,2,898,831
213437,2000,1,3,373,939
578234,2000,1,1,924,790
132160,7000,1,0,831,906
381240,5000,1,1,618,704
090888,3000,1,1,94,566
785147,1000,1,0,666,678
135859,7000,1,2,689,676
140905,6000,0,1,592,853
931949,2000,1,3,235,906
243322,8000,1,0,434,307
389009,5000,0,2,345,637
100298,7000,0,0,909,880
077633,7000,0,3,733,868
357148,5000,0,3,803,23
197904,2000,1,1,302,708
623644,0000,0,0,971,842
474957,7000,1,1,272,242
007073,1000,0,2,489,454
710155,0000,0,3,333,984
430847,3000,0,3,120,334
796472,5000,0,3,968,773
813796,0000,0,0,609,215
809986,2000,1,2,83,216
309794,3000,0,2,79,851
384446,2000,1,3,518,509
578974,0000,1,0,75,587
104226,1000,0,0,325,842
060261,0000,0,3,857,325
289477,3000,1,3,205,53
020495,5000,1,2,905,389
000070,8000,1,0,31,256
511204,1000,1,3,402,721
784533,0000,1,3,17,844
277664,7000,0,0,525,744
033025,7000,0,1,480,143
994594,6000,1,1,680,259
138131,2000,0,1,750,623
299948,4000,1,2,678,139
620636,4000,0,2,836,714
589721,4000,1,3,568,35
538476,1000,1,3,293,653
363190,7000,1,2,181,292
567396,8000,1,0,336,51
774680,2000,0,0,874,477
265318,9000,1,1,400,238
486326,0000,0,2,40,781
303184,4000,0,0,769,37
298204,3000,1,2,172,209
549849,3000,0,0,668,832
904686,3000,0,0,0,971
547082,9000,0,0,619,960
654277,5000,1,3,103,179
718477,1000,1,0,659,974
206901,5000,0,2,589,899
960862,4000,1,1,403,214
716757,6000,1,3,516,20
912855,0000,1,3,650,464
377580,9000,1,1,720,103
953551,9000,1,1,282,656
562259,3000,1,2,458,957
878871,4000,0,3,11,357
393011,2000,1,0,110,779
211115,7000,0,0,445,61
946351,0000,1,0,476,272
162447,0000,0,0,305,313
826577,6000,0,3,642,812
841204,6000,1,3,891,1
131993,0000,0,2,120,932
634588,1000,1,3,347,778
737979,5000,0,3,450,84
238435,8000,0,2,866,99
868292,5000,1,0,865,956
514481,2000,0,3,128,889
463823,9000,1,0,338,446
020778,9000,0,0,838,869
213943,5000,0,1,41,852
690523,3000,0,2,529,117
370120,2000,0,0,311,534
820421,0000,1,1,468,277
434100,7000,0,0,379,117
934283,6000,1,0,377,191
454351,8000,1,0,928,317
079158,1000,1,1,58,10
266585,6000,0,0,394,133
179061,5000,0,3,788,348
297424,4000,0,2,76,761
141114,2000,0,0,96,237
816297,6000,1,1,493,976
270004,5000,1,2,841,476
821768,9000,0,0,879,591
162111,0000,0,2,509,265
726209,1000,1,1,152,787
115203,3000,1,1,68,901
873791,7000,1,3,570,667
498604,7000,0,3,877,242
125979,7000,1,1,247,568
307201,2000,0,3,292,940
380297,2000,1,1,12,549
852264,3000,1,1,5,885
602962,2000,1,3,817,341
927803,0000,0,1,289,941
141267,2000,1,0,393,419
878752,5000,0,0,1,360
006918,3000,1,0,76,202
438567,7000,0,0,495,594
175532,6000,0,1,789,250
158180,2000,0,0,863,184
806286,7000,1,0,190,893
552022,1000,0,0,704,283
187711,4000,1,0,830,558
708392,1000,1,0,823,209
871795,5000,0,1,714,290
087281,8000,1,3,171,462
013713,4000,1,0,842,250
702976,2000,0,0,266,332
287807,9000,0,1,76,878
388005,8000,1,2,522,99
761335,1000,0,0,332,12
560987,7000,0,1,200,553
691548,6000,1,2,819,820
549919,6000,0,2,539,707
807001,2000,1,0,566,853
328654,9000,0,3,282,672
156252,2000,0,1,114,591
806522,8000,1,1,947,881
902437,2000,1,0,542,661
872015,7000,0,0,543,645
469875,7000,1,1,853,281
752117,7000,0,2,528,127
264844,1000,0,3,932,848
422265,1000,1,1,436,781
795204,1000,0,0,962,557
918179,3000,1,3,521,458
330484,1000,1,1,699,579
580038,9000,1,1,527,285
971465,4000,0,3,35,350
143930,9000,1,3,737,937
916290,5000,1,1,101,372
662725,8000,1,3,605,912
414376,4000,1,0,733,830
056699,4000,1,0,305,314
926562,2000,0,2,527,447
617222,4000,1,1,256,954
613104,5000,0,0,824,2
140072,1000,1,2,903,25
957737,3000,0,2,334,935
627741,7000,0,2,670,663
900673,1000,1,2,222,64
821780,8000,1,1,323,737
370417,9000,1,1,253,73
078110,0000,1,0,14,938
162496,6000,1,1,778,757
727294,5000,0,1,170,286
562399,3000,0,1,145,325
825407,6000,1,1,182,721
878688,0000,0,2,523,300
910795,2000,1,3,647,232
195603,3000,1,3,3,99
471068,9000,0,2,12,138
462332,6000,1,3,823,227
154631,0000,0,3,399,844
434588,3000,0,0,856,892
354586,7000,0,2,149,54
228357,1000,0,0,970,370
127981,0000,1,1,392,102
871998,9000,1,1,16,835
972321,0000,1,3,353,146
406061,5000,1,2,398,928
324667,2000,0,1,90,455
501385,0000,1,0,16,225
667849,0000,0,2,190,437
053748,4000,0,1,242,524
530950,1000,1,1,348,100
572636,9000,1,3,120,753
731699,4000,0,0,494,729
321823,9000,1,2,705,448
471184,7000,1,1,281,185
587823,0000,0,3,798,526
161330,9000,1,0,973,492
244816,7000,0,1,586,829
338898,4000,0,2,972,606
128472,7000,0,3,108,212
560674,8000,0,3,158,359
247121,5000,0,0,484,739
120375,2000,1,0,126,218
637184,7000,1,1,81,503
646161,8000,0,2,378,711
977742,3000,1,3,441,241
434829,5000,0,3,867,295
035750,3000,1,1,693,345
162989,4000,0,1,365,649
559911,7000,0,1,446,40
209859,7000,1,1,423,789
587815,9000,0,0,719,433
874657,8000,0,3,716,933
300706,5000,0,2,160,768
347495,9000,1,1,497,962
628579,8000,0,2,360,883
306657,4000,0,3,610,560
886962,0000,1,2,748,72
521234,5000,0,3,96,759
492503,9000,1,0,235,446
729897,1000,0,1,931,45
424188,0000,0,3,520,982
836036,6000,0,1,695,877
261195,3000,0,3,635,264
568151,1000,0,3,231,248
794075,7000,0,3,492,286
591119,0000,1,2,70,368
139190,7000,1,0,963,89
597771,6000,1,3,337,791
426394,1000,1,0,927,623
775226,5000,1,1,839,419
733891,2000,1,1,824,612
963017,5000,1,2,626,881
870645,2000,0,3,356,814
916738,4000,0,1,834,881
331730,3000,0,2,872,591
494949,9000,0,3,945,719
171788,5000,1,2,310,484
149056,9000,1,0,353,740
413268,0000,0,3,257,698
471273,4000,1,1,960,497
538974,4000,0,0,528,215
530579,3000,0,1,761,397
343114,2000,0,1,34,788
619857,4000,0,3,957,746
690726,8000,1,0,526,798
743331,7000,0,3,238,100
990010,3000,0,0,866,161
240455,8000,1,0,160,488
185022,0000,0,1,87,56
426312,8000,1,2,571,591
065538,0000,0,3,546,293
631429,6000,0,3,889,868
492683,8000,0,2,992,254
154952,3000,0,3,131,628
434865,3000,1,0,994,615
061170,5000,0,0,909,679
981888,2000,0,0,847,48
605409,2000,0,2,348,530
614700,9000,1,3,641,685
846802,7000,1,0,188,495
707253,7000,0,0,359,759
075964,5000,1,0,2,37
663164,2000,0,1,172,131
118312,8000,1,0,237,297
439030,8000,0,2,824,342
835587,0000,1,3,766,455
641389,6000,0,1,489,143
539241,4000,1,3,550,360
750460,5000,1,2,106,851
629116,7000,0,0,439,515
309728,9000,0,3,226,534
593826,7000,0,1,44,270
265180,8000,1,0,897,325
712586,1000,1,3,825,232
183383,3000,1,3,941,801
702780,3000,0,3,49,837
938880,5000,0,1,869,400
367066,9000,1,1,475,377
730503,8000,1,3,970,80
777930,1000,1,1,424,760
594853,8000,1,1,736,944
458349,6000,0,3,606,441
531443,1000,1,0,181,345
164502,4000,1,0,33,497
162283,6000,1,2,67,337
284747,9000,1,1,504,891
482564,2000,0,1,693,778
429691,5000,0,1,123,791
101080,8000,0,3,894,644
508205,6000,0,0,810,766
211368,4000,1,2,184,709
519422,7000,1,3,565,710
389794,4000,1,2,230,145
647102,8000,0,0,260,537
134649,1000,1,3,495,52
853178,0000,0,3,765,510
390044,2000,1,1,282,124
819181,7000,1,2,602,759
706526,6000,0,2,630,691
434356,4000,1,0,733,581
993876,6000,1,2,925,520
051704,4000,0,2,354,6
618053,1000,0,3,849,662
026322,4000,1,0,333,42
376159,8000,0,1,249,211
224465,7000,1,1,51,854
715998,0000,1,3,642,339
810956,2000,1,0,634,459
494034,1000,1,3,434,239
834805,0000,0,3,131,318
422153,9000,1,0,971,61
859964,6000,0,1,889,427
232746,3000,0,0,579,248
661212,3000,0,0,405,869
896309,4000,1,0,57,287
336340,2000,0,2,848,189
302315,1000,1,0,509,750
912686,3000,1,2,463,941
915650,2000,0,0,828,445
505773,1000,1,1,646,862
519049,3000,0,1,603,422
677664,3000,0,2,751,179
770456,8000,1,0,841,710
627757,8000,0,1,40,644
611252,0000,0,1,821,309
184265,8000,1,3,533,423
056795,8000,0,1,905,655
063128,9000,1,2,901,465
077540,4000,0,3,278,929
763728,2000,1,1,709,197
609382,0000,1,0,582,59
277415,9000,1,1,38,539
361463,0000,0,2,445,235
983783,5000,0,0,267,401
740415,9000,0,2,872,617
779288,2000,1,2,544,614
723833,7000,1,0,598,735
170537,3000,0,0,116,643
569444,4000,1,2,808,937
887807,3000,0,1,638,534
854052,5000,0,1,749,222
719118,5000,0,2,150,771
027985,9000,0,1,331,219
591270,5000,1,3,686,947
786561,1000,0,1,577,44
464090,7000,1,3,131,704
360897,3000,0,1,929,678
105074,7000,1,0,847,606
508891,3000,0,2,681,402
742057,3000,1,1,765,8
900028,1000,0,2,98,330
801136,2000,1,3,765,975
365924,7000,0,2,268,577
733322,3000,0,1,426,344
759387,1000,0,2,821,367
463912,7000,1,1,48,517
945980,6000,1,2,623,278
621692,7000,1,1,282,747
538912,7000,1,1,982,157
260853,6000,0,0,89,803
567364,9000,0,1,694,67
411543,3000,1,1,83,601
973124,4000,0,3,548,609
747670,9000,0,2,271,547
920874,4000,0,3,655,651
619314,9000,1,2,892,723
990885,8000,1,3,731,602
069557,2000,1,1,18,656
025948,4000,1,1,740,177
912085,9000,1,2,142,203
095305,8000,1,2,560,944
139038,9000,0,2,675,666
851268,2000,1,1,147,212
160159,7000,0,1,766,778
252169,7000,1,0,458,9
327875,9000,0,0,219,783
226165,8000,1,1,818,209
203975,2000,0,0,181,86
041792,9000,1,1,224,717
683166,5000,0,0,319,583
075565,5000,1,1,786,327
110644,6000,1,2,759,629
065035,0000,0,0,877,487
056269,8000,1,3,841,398
873416,8000,1,1,629,891
942117,1000,1,0,316,771
932338,2000,1,3,127,202
682292,3000,1,1,503,495
624953,7000,1,1,974,306
671617,1000,0,3,298,669
845707,8000,1,1,853,469
062271,4000,0,2,89,684
967853,1000,1,2,681,584
015079,4000,0,1,642,533
302396,6000,1,3,341,513
960883,1000,0,1,819,288
162663,8000,1,1,419,834
471306,1000,0,0,667,399
045557,5000,0,3,236,284
787657,9000,0,1,123,119
921815,1000,0,3,719,521
269941,2000,1,2,971,629
092851,3000,1,1,361,192
024031,3000,1,3,114,503
625586,0000,0,0,284,741
530264,7000,1,2,888,744
476201,4000,0,2,1,623
247319,9000,1,0,37,935
635354,1000,1,2,404,231
630523,1000,0,1,790,117
433641,4000,0,0,726,982
410964,1000,1,1,696,735
104312,9000,0,3,163,59
146917,4000,1,3,359,353
246429,9000,1,1,636,359
499581,7000,0,0,993,547
007633,1000,1,2,56,131
059794,4000,0,2,671,496
701823,9000,0,0,872,153
765260,9000,1,3,309,630
140535,7000,1,0,783,746
927730,3000,0,0,263,374
837910,4000,0,1,272,765
239917,4000,1,0,372,510
628723,7000,1,3,187,495
224142,2000,1,3,59,463
433705,6000,1,1,946,581
437923,8000,1,0,386,877
482267,2000,1,0,511,696
684368,3000,0,3,947,131
661768,4000,1,1,1000,126
239927,1000,0,2,93,256
669779,5000,0,3,689,797
486692,7000,1,0,42,377
630600,1000,1,2,69,681
753887,4000,0,2,489,897
182449,6000,1,3,839,714
810406,1000,1,1,59,173
791573,2000,1,1,180,631
699029,1000,1,3,626,602
149113,7000,0,0,720,641
257033,7000,1,0,80,49
597313,9000,0,3,346,716
298120,3000,0,1,137,387
917840,5000,1,3,790,511
388639,2000,0,3,316,874
452805,7000,0,2,373,336
931428,2000,1,3,384,811
935159,4000,0,3,628,227
704740,0000,0,3,830,21
557384,1000,1,3,136,26
079860,1000,0,1,669,203
867945,6000,1,2,187,837
557862,1000,0,0,211,323
974648,9000,1,1,871,454
193144,9000,0,3,17,78
997665,4000,1,1,828,445
765757,3000,1,0,619,223
083156,6000,1,2,151,774
245552,9000,1,3,535,800
806779,3000,1,3,263,838
115684,3000,1,0,608,436
547066,6000,1,1,4,879
579082,0000,1,3,117,143
052004,1000,1,2,952,608
129891,1000,1,3,162,834
956954,7000,1,2,978,539
045763,7000,1,3,859,626
102127,8000,1,3,519,973
449532,5000,1,0,894,186
114699,4000,1,1,628,953
418159,7000,0,2,309,237
124925,4000,1,0,425,597
650412,2000,0,0,374,942
341576,3000,0,1,237,32
329896,5000,0,0,876,413
781481,2000,0,0,613,878
762911,7000,0,1,816,285
194886,2000,0,0,308,508
897906,8000,1,1,78,30
801918,8000,0,3,669,732
162871,3000,0,1,728,965
738911,7000,1,0,341,109
055572,9000,1,2,628,719
012597,6000,0,3,253,165
084108,4000,0,3,46,992
145649,8000,1,0,574,853
195759,8000,1,0,550,901
374498,6000,1,2,478,663
680104,6000,1,0,623,686
749257,4000,0,2,922,365
775243,5000,1,3,618,665
971969,1000,1,2,272,286
817748,3000,0,0,28,911
407512,1000,1,3,129,351
420999,1000,1,1,98,373
268239,1000,0,2,503,782
386314,3000,1,2,310,784
677303,7000,0,0,902,562
380756,8000,0,0,117,409
486378,4000,1,1,257,740
551384,3000,0,3,764,754
812480,9000,0,0,174,182
067771,0000,0,3,459,607
918502,6000,0,2,93,596
177690,4000,0,0,396,853
422829,8000,1,2,912,833
487983,4000,0,2,351,666
333465,1000,0,1,179,831
883970,7000,1,0,969,339
318616,3000,1,2,819,157
930606,8000,1,3,884,227
828740,8000,0,2,318,541
408963,0000,1,1,735,298
347284,3000,1,2,684,397
313692,9000,0,1,721,313
079591,0000,1,2,896,461
665037,4000,0,2,122,723
381748,6000,0,3,93,678
539051,5000,0,1,656,663
537751,9000,1,1,190,198
893269,6000,1,1,32,438
045823,3000,0,0,754,711
667558,5000,1,3,687,105
192032,5000,0,0,529,698
753045,9000,0,1,911,426
297704,7000,1,0,254,881
836280,3000,0,0,685,665
843990,2000,1,0,717,748
626405,5000,0,2,648,218
691540,3000,0,1,189,418
976242,5000,1,1,412,506
550107,0000,1,1,535,904
444246,6000,1,1,312,339
674689,9000,1,0,870,27
554064,5000,1,1,553,44
311879,0000,0,1,71,571
457827,3000,0,2,184,879
545749,1000,0,3,231,466
098856,5000,0,1,449,580
034446,7000,1,3,821,112
993682,3000,1,1,994,146
100004,0000,0,0,333,192
364730,4000,1,0,559,77
992977,6000,1,0,601,192
083628,7000,0,1,684,640
780272,9000,1,0,894,277
027563,1000,1,3,738,924
680755,3000,0,2,739,955
278307,5000,1,3,253,848
167479,1000,1,0,417,656
532684,9000,0,2,584,631
687584,2000,1,3,497,312
653586,6000,1,1,861,681
246577,6000,0,3,234,825
686005,6000,0,0,583,479
932084,8000,1,0,459,3
159606,8000,1,0,143,40
878358,7000,1,1,816,350
575243,7000,1,1,632,345
147050,2000,0,2,994,757
093809,0000,0,0,239,290
795688,2000,0,2,994,533
591697,4000,1,3,554,532
584128,5000,1,1,298,691
435431,7000,0,3,884,704
802090,0000,1,3,877,899
103444,1000,0,1,519,376
605567,7000,0,3,48,548
022902,2000,1,2,399,28
691173,5000,1,0,950,367
190160,3000,1,3,617,724
729073,3000,0,2,197,848
910027,0000,1,1,981,588
665905,3000,1,1,740,651
617777,9000,0,1,235,766
351109,4000,1,2,955,704
718465,9000,0,3,124,315
516134,5000,0,3,971,358
251782,2000,0,3,174,953
119490,4000,1,1,907,341
345641,8000,0,1,435,17
764475,3000,1,2,492,264
401517,6000,1,1,657,966
640261,0000,0,1,755,522
014724,8000,0,2,532,981
569975,1000,1,2,442,363
622266,7000,1,1,810,454
697204,6000,1,0,89,176
266633,5000,0,1,12,349
611901,4000,1,2,407,542
605015,7000,1,3,816,741
615884,3000,0,1,493,629
785010,7000,1,3,471,205
818410,9000,0,3,417,494
683479,1000,0,3,595,717
305988,2000,0,1,13,610
034753,1000,0,1,684,192
646779,0000,1,3,623,918
869065,1000,1,0,30,860
999787,8000,0,3,67,765
253738,4000,1,3,107,281
392240,6000,0,2,453,92
529860,7000,0,3,482,923
959213,2000,1,2,445,131
948345,9000,1,3,59,40
138497,1000,1,2,224,188
043916,6000,0,0,45,430
311705,0000,1,3,801,686
707081,6000,0,3,316,775
776112,1000,1,1,710,394
795198,2000,0,1,909,820
880061,7000,1,1,488,624
838181,9000,0,1,756,422
522244,2000,1,1,400,69
217689,1000,1,3,323,850
718711,0000,0,3,39,684
865084,8000,1,2,285,58
376170,8000,1,2,700,561
370018,0000,1,1,571,152
511578,5000,0,1,557,42
016354,0000,0,1,83,424
368314,7000,1,2,47,226
092946,6000,1,0,44,735
577689,7000,1,3,157,669
072469,6000,0,1,425,666
468509,0000,0,0,170,671
730258,1000,1,3,418,329
866412,8000,1,2,916,794
277279,6000,1,3,326,63
423723,2000,0,0,83,766
399050,1000,1,2,574,634
826318,7000,1,2,972,712
520428,4000,1,0,911,888
728251,8000,0,0,902,968
425482,2000,1,2,296,935
677394,7000,1,0,63,137
616530,8000,1,0,131,471
662034,7000,0,2,869,850
947725,3000,0,1,163,264
844642,1000,1,1,844,462
772204,3000,0,0,704,415
283217,5000,1,1,157,852
571518,7000,0,0,525,505
195728,8000,1,1,546,151
300828,9000,0,1,729,92
191281,0000,0,3,707,509
569532,4000,0,2,573,139
457517,9000,0,1,140,358
709368,0000,1,3,277,543
106843,9000,1,0,620,894
649657,0000,0,2,885,286
538265,7000,0,3,560,23
868857,7000,0,0,732,948
302537,0000,0,0,658,840
009668,6000,0,3,829,674
059608,5000,0,1,446,213
995465,7000,1,1,323,527
189511,1000,0,3,188,70
953424,7000,0,2,563,628
117967,6000,1,3,694,409
651180,5000,1,1,780,864
996076,1000,1,2,223,177
827339,9000,0,3,102,247
842965,3000,1,2,786,713
498377,9000,0,3,153,24
007440,0000,1,2,333,189
070897,7000,1,1,760,911
969484,9000,1,0,592,464
137093,0000,0,3,648,563
317584,1000,0,0,683,214
190976,8000,1,0,951,556
042319,9000,1,0,569,789
323317,6000,1,1,210,513
236490,8000,0,1,676,281
685908,2000,1,3,840,608
114606,5000,1,2,280,666
305716,8000,1,0,911,880
969934,1000,1,3,73,167
308087,8000,1,3,739,84
755217,2000,0,0,634,771
048439,2000,1,2,647,643
099026,0000,1,2,322,242
844328,8000,1,0,265,322
449684,0000,0,2,757,913
119662,6000,0,2,2,617
577544,9000,1,1,227,910
709605,9000,0,1,655,459
968848,2000,1,0,799,346
274010,1000,0,1,732,618
533095,9000,0,2,911,660
285467,0000,1,0,86,458
076791,4000,0,1,171,255
585542,0000,0,0,486,473
858343,0000,1,3,543,326
638365,3000,1,1,157,443
952711,8000,1,3,552,870
141036,8000,1,2,836,390
886479,4000,0,2,642,134
730914,9000,0,0,146,73
353876,1000,0,0,241,928
942808,0000,1,2,902,529
683412,3000,0,3,13,851
725037,9000,0,2,11,981
868260,5000,1,2,179,138
278960,3000,0,3,157,705
948360,2000,1,1,215,927
354762,6000,0,1,991,299
203640,0000,1,0,965,820
490291,9000,0,1,701,697
443159,3000,1,3,720,649
269058,4000,0,3,683,939
658915,8000,0,1,577,145
790172,3000,1,1,447,705
088669,5000,1,2,390,868
981425,3000,1,0,877,486
019099,4000,0,3,112,966
750018,3000,0,0,53,310
344522,2000,0,3,105,586
262354,9000,0,3,458,726
098870,3000,0,2,813,895
105433,9000,1,2,410,990
154313,1000,0,0,67,255
838745,0000,1,2,180,206
581323,3000,0,3,749,309
389056,5000,1,2,884,519
594265,9000,1,2,768,260
248408,3000,1,2,178,324
955182,8000,1,2,972,542
764001,8000,1,3,363,890
553665,2000,0,0,47,894
053672,1000,0,1,105,720
643405,1000,1,2,713,787
630502,7000,1,1,500,571
358980,5000,0,0,180,134
587086,9000,1,3,9,772
490876,0000,0,2,12,990
007986,2000,1,0,733,513
127997,1000,1,1,513,276
749347,0000,1,2,56,514
361300,1000,1,1,271,188
075812,9000,1,2,920,616
540759,9000,0,0,869,676
246765,2000,1,2,894,549
150606,9000,0,2,246,627
334392,1000,0,3,176,282
312730,3000,0,2,513,220
257969,7000,1,1,307,239
081016,5000,0,2,160,435
105978,5000,1,0,917,438
067973,3000,0,2,196,508
303236,5000,1,0,830,305
491984,6000,1,3,275,583
126589,9000,1,0,164,443
647795,9000,0,2,693,554
661238,3000,0,0,458,832
960607,3000,1,2,944,792
539354,5000,1,0,461,139
164469,8000,1,1,803,564
873448,7000,0,2,924,281
045812,9000,0,1,715,106
996363,3000,1,2,108,260
315121,8000,0,0,973,124
571853,1000,1,3,341,785
455500,1000,0,0,522,816
497291,8000,0,1,635,90
782539,0000,0,2,219,442
945457,2000,1,2,865,339
649395,6000,1,3,720,113
520673,8000,1,0,519,101
386324,7000,0,0,541,610
985468,1000,0,3,626,489
351937,8000,0,2,141,855
932097,8000,0,0,847,568
803614,0000,1,0,893,357
913271,6000,1,0,605,270
991254,6000,1,3,230,326
662491,6000,0,0,719,548
283157,9000,0,1,738,419
134039,3000,0,3,845,956
000543,9000,0,2,100,496
214626,5000,1,1,894,872
964308,6000,1,2,944,646
438311,8000,1,0,99,830
089640,9000,0,0,111,702
642368,0000,0,1,519,329
117575,2000,1,1,337,737
579037,5000,1,3,167,722
409253,9000,1,2,452,980
114738,3000,0,1,100,904
060636,5000,1,1,620,941
300636,9000,1,2,908,205
002873,1000,0,0,875,450
919225,3000,0,2,295,168
821835,2000,1,1,141,73
843406,8000,0,2,544,574
980629,6000,1,2,213,467
109069,4000,0,2,644,260
733526,5000,0,3,540,116
251130,7000,1,0,164,520
195663,5000,0,2,805,541
898967,7000,0,2,5,711
117932,1000,0,3,533,25
526810,3000,1,1,897,78
606897,5000,0,0,64,333
642287,2000,0,1,333,229
172023,8000,0,3,213,54
447594,0000,0,2,959,880
611533,8000,1,2,721,721
336202,0000,1,0,117,895
647554,2000,1,1,608,362
719824,5000,0,2,75,49
649234,7000,1,1,112,212
112334,7000,0,2,696,615
330853,6000,0,3,617,735
124625,4000,1,2,480,2
481587,8000,1,3,677,376
443831,2000,0,0,634,110
987108,1000,1,0,735,135
356163,5000,0,0,929,723
851026,7000,0,3,611,722
781412,0000,0,1,130,19
962252,1000,0,3,214,462
050916,8000,1,1,461,153
412654,9000,0,1,452,413
926012,4000,1,1,204,742
478161,6000,1,3,542,514
700573,6000,0,2,910,223
303937,0000,0,3,736,685
966017,2000,1,2,793,115
061219,2000,1,3,134,53
320085,9000,1,1,91,325
304868,4000,1,1,139,936
193941,7000,1,3,637,234
681748,4000,1,3,614,200
898848,9000,1,3,478,523
894630,8000,0,3,831,559
561289,1000,0,2,924,860
073381,7000,1,1,299,398
146973,3000,0,1,319,983
155465,6000,1,2,15,436
322948,1000,0,2,531,464
390996,5000,0,2,15,968
861574,9000,1,2,40,877
073999,9000,1,0,966,603
539306,6000,0,0,808,649
645393,9000,1,2,391,962
676185,6000,1,0,568,453
902185,5000,0,1,410,966
695175,1000,0,2,919,634
963256,4000,0,1,328,624
800540,1000,0,2,429,45
210217,4000,0,0,279,493
113273,9000,0,2,846,559
541757,2000,1,2,44,395
518557,2000,0,0,934,323
076869,1000,1,0,15,972
746463,0000,0,2,628,351
732001,5000,0,3,499,802
686798,4000,1,1,281,265
638406,7000,1,2,965,904
454526,8000,1,2,320,20
757513,9000,1,1,651,663
284876,4000,1,3,185,609
595269,3000,0,0,343,796
312445,2000,1,0,118,584
939429,7000,1,0,42,795
751068,1000,1,0,590,64
998277,4000,0,3,450,129
382491,3000,1,2,626,839
481353,1000,1,2,416,561
858605,6000,0,2,979,578
921902,4000,0,1,139,509
711133,6000,1,2,980,179
899637,8000,0,1,68,754
900685,4000,0,2,837,848
746867,5000,0,0,718,464
145306,4000,0,1,669,42
719545,6000,0,0,439,131
505472,2000,0,1,706,91
383411,5000,0,3,373,589
954003,1000,1,3,623,297
303514,6000,0,0,684,387
750976,9000,1,2,620,538
566227,2000,0,1,690,701
529990,6000,1,1,890,924
204162,6000,0,0,502,750
055313,0000,0,3,178,357
333949,4000,0,1,141,663
081966,3000,0,3,80,628
868651,6000,1,2,225,993
942326,4000,1,2,571,510
195937,3000,0,2,111,343
078761,4000,0,2,258,590
941079,6000,0,0,893,610
830108,4000,1,3,745,591
843267,8000,1,0,417,400
714064,5000,1,1,98,106
210907,0000,0,0,362,75
134923,8000,1,2,589,33
759819,7000,1,0,183,786
009195,3000,0,3,149,509
789769,2000,0,1,989,269
884715,5000,1,2,229,446
079519,3000,0,1,775,841
892373,0000,1,0,423,787
279163,0000,0,3,329,447
794594,3000,1,3,627,259
357235,8000,1,3,819,581
873783,7000,0,0,522,426
200174,9000,0,1,218,111
494781,6000,0,1,744,699
005010,7000,1,0,333,778
194776,6000,1,1,671,427
520104,9000,1,0,921,786
873458,6000,1,2,102,302
010193,5000,1,1,628,310
504567,3000,0,2,117,367
892240,3000,1,1,444,651
372673,3000,0,1,851,70
054673,2000,1,1,625,651
023128,7000,0,1,750,598
680312,0000,1,1,364,693
324684,1000,1,0,277,460
878891,1000,0,3,789,730
526504,6000,0,0,452,308
994260,6000,1,2,619,630
486666,5000,1,0,923,686
345949,2000,1,0,842,606
156817,8000,0,1,748,235
924190,6000,1,2,743,905
957030,8000,1,3,414,133
490841,3000,1,1,528,89
918734,2000,0,1,400,917
374890,8000,0,3,781,186
779452,5000,0,2,798,96
944004,3000,1,3,499,79
875851,9000,1,2,865,949
634633,4000,0,3,498,797
229692,8000,0,1,873,684
814448,0000,1,2,87,660
517686,1000,0,3,778,78
158616,8000,0,0,221,588
313360,0000,1,2,896,643
018628,7000,0,3,773,961
480341,0000,1,3,534,945
233388,9000,0,0,838,314
181025,6000,0,1,475,858
977366,9000,0,3,61,734
180330,4000,0,3,920,189
404120,0000,0,0,330,557
053268,8000,1,2,560,811
498381,3000,0,2,517,466
698627,5000,1,3,731,925
217756,6000,1,0,471,754
872531,2000,0,2,770,609
573413,8000,1,1,466,366
465670,2000,0,0,207,195
624276,7000,1,2,30,45
078198,2000,0,0,376,730
648387,1000,0,3,378,139
760450,2000,1,0,700,808
757601,7000,1,3,895,275
082573,1000,0,0,15,968
687409,9000,0,3,745,348
052130,1000,0,3,71,902
607189,7000,0,2,835,784
085387,3000,0,3,929,798
475963,8000,1,0,24,991
960079,1000,1,2,321,269
229475,6000,0,3,797,689
735399,9000,1,0,349,492
841743,4000,1,1,559,578
172458,5000,0,1,269,854
426608,1000,0,3,427,214
902445,8000,0,1,596,701
116360,8000,1,0,909,252
729271,9000,1,2,817,175
054985,1000,0,1,332,223
117849,0000,0,1,850,763
554777,3000,1,0,935,91
434957,5000,1,1,492,287
670855,5000,0,0,737,679
702281,7000,1,0,62,40
640067,5000,0,0,382,274
131023,3000,1,3,103,763
806325,2000,1,0,135,292
890713,0000,1,3,317,157
814698,3000,1,3,55,166
422925,3000,0,2,880,337
407813,6000,1,2,570,772
637755,1000,0,2,194,221
993096,3000,0,0,989,528
063105,6000,0,2,735,232
974944,1000,1,2,264,695
202346,0000,0,0,10,700
924825,0000,0,1,467,276
349579,0000,0,1,99,231
089745,6000,1,3,580,476
526763,2000,1,3,994,419
237488,3000,0,2,62,455
033353,8000,0,2,414,913
934524,9000,0,3,954,279
757690,3000,1,0,43,262
205008,6000,1,0,178,292
707474,0000,0,1,771,988
104248,4000,1,0,248,727
269870,7000,0,1,938,230
965863,1000,1,0,943,891
730716,9000,0,2,532,712
421291,5000,1,2,962,563
565558,6000,1,1,994,107
416937,7000,0,0,223,991
984452,5000,1,1,41,489
155361,6000,1,0,816,401
367890,3000,1,0,28,758
176934,4000,0,1,578,614
826481,3000,1,2,668,104
754039,6000,1,0,403,736
371998,4000,0,3,143,96
637934,9000,0,0,833,969
143678,0000,0,0,413,457
722921,3000,1,1,728,230
304982,4000,0,1,617,515
666802,1000,1,2,244,685
631730,9000,0,1,835,940
682681,7000,1,2,494,14
611962,6000,0,0,348,682
060184,2000,1,2,44,866
942104,0000,1,3,791,822
180024,8000,0,2,973,450
825020,6000,0,0,349,877
866187,9000,0,3,681,140
444006,7000,1,3,845,98
602291,4000,1,1,52,485
523813,8000,0,2,75,341
492552,4000,1,1,803,802
184942,6000,0,2,935,283
612973,4000,0,3,479,186
502310,5000,0,3,811,802
352937,8000,0,0,880,433
292781,4000,0,2,773,664
697606,1000,1,3,706,611
982005,8000,0,1,467,97
837181,9000,0,3,825,585
083563,9000,0,2,287,712
289598,0000,0,1,544,985
123639,3000,0,3,892,357
064534,6000,1,1,100,279
305908,6000,0,2,172,78
572865,6000,0,0,602,77
971373,2000,1,3,731,573
902820,3000,1,3,660,713
453992,5000,1,2,956,724
150420,8000,0,3,469,58
219711,3000,0,1,548,677
017882,7000,0,0,413,276
912040,1000,0,3,816,777
324609,3000,0,1,868,737
141293,5000,1,1,799,355
069682,4000,0,2,642,186
314703,3000,1,0,932,692
323669,9000,1,0,104,529
681949,2000,1,1,24,953
232395,9000,0,2,382,785
402958,6000,0,3,489,295
158192,7000,0,2,468,534
864420,1000,1,2,807,823
914084,4000,0,0,421,448
959173,8000,1,2,429,220
269059,8000,1,3,824,981
461403,8000,1,2,945,725
231463,5000,1,3,452,434
296021,7000,1,3,95,373
040755,8000,0,3,343,79
416496,5000,1,2,403,575
216850,8000,0,0,62,600
271382,9000,0,3,656,425
662175,0000,0,3,818,972
524498,5000,0,0,423,735
970697,8000,0,3,695,788
286210,4000,1,2,334,904
182661,2000,1,0,732,106
125908,7000,1,1,770,632
436002,7000,1,1,614,505
464317,4000,0,3,678,297
724948,5000,0,1,517,549
843692,2000,1,1,449,260
361775,6000,0,0,78,217
781155,7000,1,3,168,805
973953,9000,0,0,870,948
074988,2000,0,1,504,85
220545,4000,1,1,843,951
322604,3000,1,3,836,358
786983,0000,0,2,409,195
136561,6000,0,0,794,749
102832,3000,0,3,313,980
234957,4000,1,2,120,838
435335,8000,0,0,925,853
735654,4000,0,2,477,394
806642,8000,0,1,190,363
027230,2000,1,0,83,358
588967,4000,1,0,401,2
025923,1000,0,0,651,441
963928,4000,0,1,620,278
381561,1000,0,1,275,482
081402,0000,1,2,425,614
803752,8000,0,2,833,350
923617,9000,1,0,388,320
139973,5000,1,3,870,619
045031,4000,0,0,183,645
455121,8000,0,2,21,920
540496,9000,1,3,636,840
878728,1000,1,0,257,975
550941,7000,0,2,78,799
987576,2000,0,3,135,729
840048,2000,0,3,993,505
310270,7000,0,1,685,762
163496,7000,0,2,136,807
583538,7000,0,2,140,624
644013,6000,1,0,86,569
926049,3000,0,1,974,211
788304,1000,1,3,963,428
978359,7000,0,1,403,547
979365,3000,1,1,755,352
943361,3000,1,0,707,398
982807,6000,0,1,953,284
241254,8000,1,2,237,34
460757,0000,1,0,641,486
881433,2000,1,2,366,429
519010,0000,1,1,398,706
869102,2000,1,3,16,597
519652,0000,0,0,666,681
828304,0000,1,1,301,886
585027,8000,1,3,924,11
669157,3000,1,1,645,947
184810,6000,1,1,575,941
555314,3000,0,1,630,916
664155,4000,0,0,365,565
091512,8000,1,1,158,154
362191,8000,0,0,657,189
678800,6000,1,2,164,522
417540,4000,0,1,157,13
958907,8000,1,0,995,870
663420,6000,0,0,133,22
715115,2000,0,1,231,115
939088,0000,1,1,480,464
578760,4000,0,3,826,474
083707,1000,0,2,892,324
648672,8000,1,1,977,588
073129,2000,0,2,266,720
943922,3000,0,1,805,983
707169,8000,0,0,321,961
847971,1000,0,3,920,515
074449,6000,1,3,775,758
279798,4000,0,0,981,940
884794,7000,1,3,591,904
028290,0000,1,1,150,546
686921,6000,0,3,847,31
876769,9000,1,1,886,527
652272,5000,0,1,362,49
390644,7000,1,3,953,989
416593,7000,1,3,615,547
401400,6000,1,2,775,605
207317,7000,1,2,391,458
028060,9000,1,0,459,134
206103,4000,1,0,524,613
157263,2000,0,2,578,557
993200,0000,0,3,636,17
658878,8000,1,0,483,474
242007,4000,1,3,493,620
350670,8000,1,1,207,48
037154,4000,1,1,101,126
234474,6000,1,1,646,260
855602,5000,1,0,905,553
532456,8000,1,0,881,599
564980,4000,1,1,706,970
677563,3000,0,1,186,922
937826,6000,1,2,571,174
534318,0000,0,1,136,155
230536,6000,0,3,892,842
344469,9000,0,2,656,993
409810,3000,0,2,107,709
669525,2000,0,3,684,17
117449,4000,0,3,264,310
009027,3000,1,3,740,632
301568,5000,1,2,181,915
358100,3000,1,3,194,124
425268,7000,0,1,307,155
949006,1000,1,2,447,484
907833,1000,0,0,550,64
662840,4000,0,2,731,772
088891,4000,0,3,450,494
966429,6000,1,0,469,668
813766,8000,0,0,300,713
240804,4000,0,3,538,330
634100,4000,1,3,72,800
551316,7000,0,2,174,764
307865,2000,1,0,204,348
626535,0000,1,2,933,709
755055,5000,0,2,849,641
807685,8000,0,1,118,418
373988,1000,0,3,644,372
043452,1000,0,0,537,822
950745,3000,1,0,568,215
224576,8000,0,3,558,803
788370,9000,0,1,657,193
464723,2000,0,0,831,557
207880,5000,0,2,48,530
019432,9000,1,1,962,665
512132,0000,0,1,272,841
490732,0000,1,1,776,992
612206,1000,1,0,512,378
451592,8000,0,3,940,968
328164,0000,0,0,734,695
912759,0000,1,0,832,304
280206,1000,1,1,378,380
139255,6000,1,1,451,576
960601,8000,0,1,706,803
559439,8000,0,0,774,662
675539,0000,1,2,441,322
670970,5000,0,3,613,252
410790,0000,1,0,963,945
883841,5000,1,0,114,222
403378,9000,0,1,93,988
451302,9000,1,3,909,205
893649,2000,1,0,809,132
409915,0000,1,0,596,588
305170,1000,1,1,50,180
304843,1000,0,1,633,74
143939,7000,0,2,859,46
146843,5000,0,2,673,943
522685,7000,0,3,905,888
665267,1000,0,2,605,244
414318,1000,0,3,116,537
871416,1000,0,1,407,844
935751,5000,1,0,324,214
884345,7000,1,0,47,967
340648,1000,0,2,963,419
161475,9000,0,1,76,991
217646,1000,1,2,647,715
398380,3000,0,3,54,467
426339,7000,1,1,931,751
233554,1000,0,0,134,722
070267,4000,1,2,839,42
100754,0000,0,1,773,485
142364,6000,1,1,120,913
318722,9000,1,2,401,167
029860,2000,1,1,584,513
623928,9000,0,2,288,42
810907,4000,0,2,842,658
837831,6000,1,0,738,38
716002,9000,1,0,93,675
195911,1000,0,0,23,790
409881,9000,0,3,694,330
667834,9000,1,0,448,938
332608,1000,0,2,645,849
209476,4000,1,3,6,280
762435,0000,0,1,822,601
406054,2000,1,1,653,104
748005,4000,1,2,351,769
594913,6000,1,1,742,65
370785,2000,1,3,142,704
245409,8000,0,0,521,245
803932,3000,1,1,260,433
530385,7000,1,0,380,308
553146,1000,1,1,87,798
077698,9000,0,3,729,53
073518,4000,0,0,299,954
751130,0000,0,2,237,297
936139,1000,1,0,8,648
238765,4000,1,3,870,922
498004,5000,0,3,832,532
174489,6000,1,3,423,72
072123,2000,1,2,705,131
629572,9000,0,0,189,612
940714,0000,1,2,929,908
914061,3000,0,1,10,123
355973,1000,1,2,986,104
560017,6000,0,3,394,548
492619,6000,1,3,582,550
199280,8000,0,0,959,942
852296,8000,1,2,434,424
245335,8000,0,0,389,657
243952,5000,1,2,952,656
787172,9000,0,3,261,749
508067,9000,0,3,536,965
639444,1000,1,1,570,304
155050,1000,0,2,483,429
904593,6000,0,0,242,616
584149,1000,0,1,264,805
808930,9000,0,0,329,978
357590,2000,1,3,906,237
745476,9000,0,3,913,51
917059,4000,1,0,201,643
446589,9000,0,0,66,509
342977,9000,0,2,268,834
378089,0000,1,1,140,370
068399,5000,1,0,503,260
464282,5000,1,0,706,220
834884,4000,0,3,681,581
567583,3000,1,3,22,2
082795,6000,1,0,262,282
240479,8000,1,0,243,74
587232,6000,1,1,698,391
697099,0000,1,3,945,86
164959,4000,1,1,207,213
268863,8000,0,1,552,877
499293,5000,0,0,552,640
683977,6000,1,1,517,392
988526,9000,1,3,830,486
453966,4000,1,2,181,715
346664,0000,1,3,804,806
001876,1000,1,2,440,119
608073,7000,1,2,744,298
456515,1000,1,0,202,453
756157,3000,1,3,721,208
005907,9000,1,1,999,387
734099,6000,0,3,978,249
228255,4000,0,3,531,534
858058,4000,0,1,19,293
614394,2000,1,0,968,191
723438,2000,1,0,511,742
190382,0000,0,0,254,708
592555,9000,1,3,538,272
185891,4000,0,3,361,141
010073,3000,0,3,853,811
129306,4000,1,2,747,351
918844,8000,1,1,141,551
404453,6000,1,2,731,547
258206,9000,0,1,88,824
502525,2000,0,2,427,821
217922,4000,0,2,869,985
250615,8000,0,3,589,717
528797,0000,1,3,725,687
749564,9000,1,3,428,308
656955,5000,0,2,746,16
431849,0000,0,2,827,687
385870,2000,1,0,492,862
243279,1000,1,0,942,941
382561,3000,1,2,369,280
197901,0000,0,0,350,262
706799,8000,1,1,786,425
128496,6000,1,2,853,383
772362,1000,0,1,561,570
775019,2000,0,3,644,743
162194,5000,1,2,112,454
101664,3000,1,0,498,264
813256,9000,1,2,939,71
201757,2000,0,3,253,493
340477,5000,1,3,713,567
609246,9000,1,2,144,917
736218,9000,0,0,357,56
328260,5000,1,0,726,940
694125,6000,1,1,25,204
575684,5000,1,0,946,366
228911,0000,0,2,137,678
458013,0000,0,0,835,545
349466,3000,1,3,781,852
998577,3000,0,2,574,223
187309,5000,1,3,845,299
796976,5000,1,1,58,255
062851,6000,1,1,950,876
033087,1000,1,3,865,125
165164,5000,1,2,361,188
691349,5000,1,2,86,132
261002,4000,1,3,95,956
030912,3000,0,3,573,761
051955,8000,1,1,453,553
037880,0000,1,0,385,972
187187,6000,1,0,863,519
277441,0000,0,1,383,922
684577,9000,0,2,807,564
910870,4000,1,1,574,878
759003,8000,1,1,485,22
952257,5000,0,3,789,813
246833,7000,0,3,726,267
405572,3000,0,0,149,552
732843,5000,1,0,589,627
319374,5000,0,3,463,131
005498,0000,0,2,904,881
139000,9000,0,0,713,313
533193,2000,1,2,476,216
653654,7000,0,2,559,210
202978,4000,0,0,673,212
685774,2000,1,0,781,748
301692,7000,1,2,469,808
686646,0000,0,1,124,67
874864,4000,0,0,512,413
956004,3000,1,1,696,728
944755,8000,0,3,119,655
109766,9000,1,0,793,497
654384,5000,1,3,841,417
094070,9000,1,3,559,908
233145,8000,1,0,539,885
136470,6000,0,0,173,115
688523,6000,1,0,972,33
765043,5000,0,0,797,467
456595,4000,0,1,523,600
191265,8000,1,1,175,974
607740,9000,1,2,192,166
892188,1000,0,3,86,144
859141,9000,1,1,473,379
021565,4000,1,0,80,384
278969,0000,0,2,942,131
309267,3000,0,0,293,359
248895,5000,0,1,212,983
958510,2000,0,3,584,969
252045,1000,0,0,130,13
807258,9000,0,1,238,432
305661,5000,0,3,412,109
269809,5000,0,0,737,2
770134,5000,1,0,54,177
773752,6000,0,2,519,794
353519,7000,1,1,439,901
825781,7000,0,1,422,962
964367,1000,0,0,213,702
885937,2000,1,3,894,693
283652,2000,1,1,467,806
739999,5000,1,1,345,615
444324,6000,1,0,355,862
717060,5000,0,1,333,243
461846,3000,1,2,492,738
282407,4000,1,2,377,958
090612,0000,0,1,859,604
957992,7000,0,3,991,461
325384,8000,0,1,257,398
305738,8000,1,0,717,218
798296,3000,0,0,50,367
526057,1000,1,0,611,772
488508,9000,0,0,882,669
548768,6000,0,2,388,50
620360,4000,0,1,253,549
634171,8000,0,1,679,422
985079,4000,0,2,63,235
783377,4000,1,0,891,597
959924,5000,0,1,669,72
882127,3000,0,3,814,544
906207,1000,0,3,940,171
628229,2000,1,2,349,928
429133,9000,0,3,223,632
294706,0000,1,3,569,630
723139,5000,0,2,766,738
102734,6000,1,0,114,106
060756,5000,0,3,397,388
287604,2000,1,0,250,79
261853,6000,0,1,77,281
144439,4000,0,0,646,174
859953,7000,0,2,446,28
837463,3000,1,2,686,274
292057,5000,1,0,599,916
680995,9000,1,2,481,937
158301,2000,0,1,1,81
274262,3000,1,1,42,238
268368,2000,0,3,529,877
694117,9000,0,2,790,21
828750,5000,1,2,854,407
524267,4000,1,2,731,453
763747,8000,0,0,442,804
801106,3000,1,3,183,72
945468,8000,0,1,128,944
072482,6000,1,2,994,303
855126,6000,0,2,701,909
425955,9000,1,3,473,143
077998,5000,0,1,424,307
673182,3000,1,0,263,945
944550,5000,1,3,49,251
570145,6000,0,0,442,977
760364,1000,0,0,779,845
606857,6000,1,0,78,908
110427,3000,1,3,338,630
510575,8000,1,1,940,734
671106,8000,0,1,154,561
741748,8000,1,1,104,182
971855,3000,1,0,412,663
105850,5000,1,2,326,223
133375,2000,1,0,533,615
698169,2000,1,2,376,738
652248,4000,1,2,740,71
430322,9000,1,0,394,614
925353,8000,1,2,381,694
253191,1000,0,2,386,312
724324,5000,1,0,231,386
277012,1000,1,2,889,128
562265,1000,0,0,643,185
403967,2000,1,2,223,77
814185,2000,0,2,541,562
252977,7000,1,3,561,45
963333,7000,1,2,752,85
364066,4000,0,3,88,792
959438,2000,0,3,104,437
681005,8000,1,0,610,201
103252,9000,0,0,813,935
199455,6000,0,1,998,286
353343,5000,0,3,700,573
133240,3000,0,1,9,888
768236,0000,1,2,710,91
552201,1000,0,0,460,78
473555,5000,0,1,83,768
395396,6000,0,2,67,594
409042,4000,0,3,151,794
144506,6000,0,0,262,529
854918,0000,0,1,278,387
956605,7000,0,2,548,532
099908,8000,0,0,529,526
523638,1000,0,2,244,705
800611,7000,0,3,377,587
282463,1000,0,2,121,377
868751,5000,1,2,542,76
625326,6000,1,1,517,310
786480,4000,0,2,744,403
290809,6000,1,2,929,344
262191,0000,0,0,965,385
844644,8000,1,2,691,720
261214,1000,0,3,184,552
563544,6000,0,0,75,587
014375,3000,1,0,690,475
726084,2000,0,0,748,838
865626,8000,0,1,149,963
497343,6000,1,0,231,236
532477,1000,1,0,837,277
486461,9000,1,1,586,86
781453,5000,1,0,431,147
497983,5000,1,1,261,221
089830,0000,0,2,11,230
809830,0000,1,2,963,676
990378,5000,1,0,923,972
225514,9000,0,2,682,233
750478,1000,0,1,198,880
257785,5000,1,1,212,69
600854,7000,1,0,119,388
878194,0000,0,0,793,726
562086,4000,0,3,703,587
791002,3000,1,1,677,695
109408,4000,0,2,721,41
365472,6000,0,3,702,345
343700,0000,1,1,776,146
526426,2000,1,3,50,211
492565,6000,1,3,539,354
307518,4000,0,3,715,220
806780,4000,1,2,534,268
515644,0000,0,3,157,694
773199,1000,1,0,797,651
873258,2000,0,1,372,71
220036,3000,1,3,808,500
446412,1000,0,3,414,276
825112,8000,1,0,942,157
149245,1000,1,1,342,10
339929,5000,0,3,805,505
928487,2000,1,3,57,11
385951,9000,1,3,429,625
361612,6000,1,0,118,768
117805,6000,0,2,74,905
982581,6000,0,0,947,347
180449,2000,1,1,455,143
970046,1000,0,1,759,199
591427,0000,1,2,246,488
924370,4000,0,2,709,10
767464,5000,1,3,693,811
621694,8000,0,3,17,781
366706,3000,0,1,709,936
711167,5000,1,3,50,880
722331,4000,1,1,596,865
864704,4000,0,3,659,953
314643,1000,1,1,88,166
526752,6000,1,2,232,573
139518,2000,1,3,107,493
760686,3000,1,0,525,387
988517,2000,1,3,763,375
163815,8000,0,1,865,120
095445,0000,1,2,846,754
848634,5000,0,0,890,182
377441,5000,0,2,413,193
373113,9000,1,0,389,54
713750,0000,1,0,933,257
014547,1000,0,0,475,166
563821,8000,0,3,553,692
773226,2000,0,1,250,514
902974,1000,1,3,553,728
595444,8000,0,2,862,866
482732,6000,0,2,321,184
564008,7000,1,1,747,312
595977,6000,1,2,22,28
184109,5000,0,0,329,75
196594,8000,1,0,805,199
500103,3000,1,0,173,121
514224,1000,0,1,945,395
899500,0000,0,3,444,498
442251,4000,0,3,124,209
590435,6000,0,2,286,247
705996,0000,1,2,188,372
254202,3000,0,2,458,592
882683,6000,1,3,285,728
879855,6000,1,3,645,231
781456,8000,1,3,676,549
952050,1000,1,3,85,910
890564,9000,1,3,45,617
476951,8000,1,0,376,423
580523,2000,0,3,130,150
929252,8000,0,3,171,468
208799,0000,0,3,503,561
793382,0000,0,1,830,731
247302,0000,0,2,131,371
774524,8000,0,1,824,767
296549,0000,1,0,188,518
352334,9000,0,0,370,5
647573,6000,0,2,79,715
595259,4000,0,3,504,414
393263,0000,1,1,430,999
704785,0000,0,0,713,344
269933,1000,0,1,791,208
137750,8000,1,0,242,491
146561,0000,0,3,368,709
494687,5000,0,2,469,217
459388,3000,1,2,416,206
634118,9000,0,0,523,946
704877,1000,0,3,896,259
103624,8000,0,2,477,991
621175,8000,1,3,29,44
904651,0000,0,2,796,878
465147,1000,1,0,709,779
101497,6000,1,0,117,972
758766,4000,0,1,937,670
245486,4000,1,3,923,852
972511,6000,0,2,197,527
651871,4000,0,3,780,935
011782,8000,0,2,907,493
843164,1000,0,1,830,798
034004,0000,0,0,938,489
499362,4000,1,1,127,369
721790,4000,1,1,452,122
475886,7000,1,2,194,740
565922,0000,1,3,91,284
043904,8000,1,2,12,282
506311,1000,0,0,706,469
939155,4000,0,1,22,554
852905,4000,0,2,814,681
747436,7000,0,2,384,566
475477,3000,1,0,7,297
123149,9000,0,1,604,472
649925,0000,0,3,243,483
735029,1000,0,2,990,683
266888,6000,1,1,312,305
009774,0000,0,2,175,375
750121,4000,1,3,274,421
359047,3000,1,3,469,957
267101,1000,0,2,419,72
682532,2000,1,1,406,916
500676,7000,1,1,33,754
661620,0000,1,3,838,684
515568,9000,0,1,143,523
287999,9000,1,2,905,38
745052,1000,1,3,123,546
443896,5000,1,2,112,940
397328,6000,1,0,624,399
867227,2000,0,2,467,262
599982,8000,1,0,353,739
