Num,Building,Floor,Level
1001,2000,1,Top
1003,2000,1,Top
1005,2000,1,Top
1007,2000,1,Top
1009,2000,1,Top
1011,2000,1,Top
1013,2000,1,Top
1015,2000,1,Top
1017,2000,1,Top
1019,2000,1,Top
1021,2000,1,Top
1023,2000,1,Top
1025,2000,1,Top
1027,2000,1,Top
1029,2000,1,Top
1031,2000,1,Top
1033,2000,1,Top
1035,2000,1,Top
1037,2000,1,Top
1039,2000,1,Top
1041,2000,1,Top
1043,2000,1,Top
1045,2000,1,Top
1047,2000,1,Top
1049,2000,1,Top
1051,2000,1,Top
1053,2000,1,Top
1055,2000,1,Top
1057,2000,1,Top
1079,2000,1,Top
1081,2000,1,Top
1083,2000,1,Top
1085,2000,1,Top
1087,2000,1,Top
1089,2000,1,Top
1091,2000,1,Top
1093,2000,1,Top
1095,2000,1,Top
1097,2000,1,Top
1099,2000,1,Top
1101,2000,1,Top
1103,2000,1,Top
1189,2000,1,Top
1191,2000,1,Top
1193,2000,1,Top
1195,2000,1,Top
1197,2000,1,Top
1199,2000,1,Top
1201,2000,1,Top
1203,2000,1,Top
1205,2000,1,Top
1207,2000,1,Top
1209,2000,1,Top
1211,2000,1,Top
1213,2000,1,Top
1215,2000,1,Top
1217,2000,1,Top
1243,2000,1,Top
1245,2000,1,Top
1247,2000,1,Top
1249,2000,1,Top
1251,2000,1,Top
1253,2000,1,Top
1255,2000,1,Top
1257,2000,1,Top
1259,2000,1,Top
1261,2000,1,Top
1263,2000,1,Top
1265,2000,1,Top
1267,2000,1,Top
1269,2000,1,Top
1271,2000,1,Top
1273,2000,1,Top
2739,2000,1,Top
2741,2000,1,Top
2743,2000,1,Top
2745,2000,1,Top
2747,2000,1,Top
1002,2000,1,Bottom
1004,2000,1,Bottom
1006,2000,1,Bottom
1008,2000,1,Bottom
1010,2000,1,Bottom
1012,2000,1,Bottom
1014,2000,1,Bottom
1016,2000,1,Bottom
1018,2000,1,Bottom
1020,2000,1,Bottom
1022,2000,1,Bottom
1024,2000,1,Bottom
1026,2000,1,Bottom
1028,2000,1,Bottom
1030,2000,1,Bottom
1032,2000,1,Bottom
1034,2000,1,Bottom
1036,2000,1,Bottom
1038,2000,1,Bottom
1040,2000,1,Bottom
1042,2000,1,Bottom
1044,2000,1,Bottom
1046,2000,1,Bottom
1048,2000,1,Bottom
1050,2000,1,Bottom
1052,2000,1,Bottom
1054,2000,1,Bottom
5056,2000,1,Bottom
1058,2000,1,Bottom
1080,2000,1,Bottom
1082,2000,1,Bottom
1084,2000,1,Bottom
1086,2000,1,Bottom
1088,2000,1,Bottom
1090,2000,1,Bottom
1092,2000,1,Bottom
1094,2000,1,Bottom
1096,2000,1,Bottom
1098,2000,1,Bottom
1100,2000,1,Bottom
1102,2000,1,Bottom
1104,2000,1,Bottom
1190,2000,1,Bottom
1192,2000,1,Bottom
1194,2000,1,Bottom
1196,2000,1,Bottom
1198,2000,1,Bottom
1200,2000,1,Bottom
1202,2000,1,Bottom
1204,2000,1,Bottom
1206,2000,1,Bottom
1208,2000,1,Bottom
1210,2000,1,Bottom
1212,2000,1,Bottom
1214,2000,1,Bottom
1216,2000,1,Bottom
1218,2000,1,Bottom
1244,2000,1,Bottom
1246,2000,1,Bottom
1248,2000,1,Bottom
1250,2000,1,Bottom
1252,2000,1,Bottom
1254,2000,1,Bottom
1256,2000,1,Bottom
1258,2000,1,Bottom
1260,2000,1,Bottom
1262,2000,1,Bottom
1264,2000,1,Bottom
1266,2000,1,Bottom
1268,2000,1,Bottom
1270,2000,1,Bottom
1272,2000,1,Bottom
1274,2000,1,Bottom
2740,2000,1,Bottom
2742,2000,1,Bottom
2744,2000,1,Bottom
2746,2000,1,Bottom
2748,2000,1,Bottom
2750,2000,1,Bottom
2752,2000,1,Bottom
2754,2000,1,Bottom
2756,2000,1,Bottom
2758,2000,1,Bottom
3598,2000,1,Bottom
3600,2000,1,Bottom
3602,2000,1,Bottom
3606,2000,1,Bottom
3608,2000,1,Bottom
3610,2000,1,Bottom
3612,2000,1,Bottom
3614,2000,1,Bottom
3616,2000,1,Bottom
1299,2000,2,Top
1301,2000,2,Top
1303,2000,2,Top
1305,2000,2,Top
1791,2000,2,Top
1793,2000,2,Top
1795,2000,2,Top
1797,2000,2,Top
1799,2000,2,Top
1801,2000,2,Top
1803,2000,2,Top
1805,2000,2,Top
1807,2000,2,Top
1809,2000,2,Top
1811,2000,2,Top
2001,2000,2,Top
2003,2000,2,Top
2005,2000,2,Top
2007,2000,2,Top
2009,2000,2,Top
2011,2000,2,Top
2013,2000,2,Top
2015,2000,2,Top
2017,2000,2,Top
2019,2000,2,Top
2021,2000,2,Top
2023,2000,2,Top
2025,2000,2,Top
2027,2000,2,Top
2029,2000,2,Top
2031,2000,2,Top
2033,2000,2,Top
2035,2000,2,Top
2037,2000,2,Top
2039,2000,2,Top
2041,2000,2,Top
2043,2000,2,Top
2045,2000,2,Top
2047,2000,2,Top
2049,2000,2,Top
2051,2000,2,Top
2053,2000,2,Top
2055,2000,2,Top
2057,2000,2,Top
2059,2000,2,Top
2061,2000,2,Top
2063,2000,2,Top
2065,2000,2,Top
2067,2000,2,Top
2069,2000,2,Top
2071,2000,2,Top
2073,2000,2,Top
2075,2000,2,Top
2077,2000,2,Top
2079,2000,2,Top
2081,2000,2,Top
2083,2000,2,Top
2085,2000,2,Top
2087,2000,2,Top
2089,2000,2,Top
2091,2000,2,Top
2093,2000,2,Top
2095,2000,2,Top
2097,2000,2,Top
2099,2000,2,Top
2101,2000,2,Top
2103,2000,2,Top
2105,2000,2,Top
2113,2000,2,Top
2115,2000,2,Top
2117,2000,2,Top
2119,2000,2,Top
2121,2000,2,Top
2123,2000,2,Top
2125,2000,2,Top
2127,2000,2,Top
2129,2000,2,Top
2131,2000,2,Top
2133,2000,2,Top
2135,2000,2,Top
2137,2000,2,Top
2139,2000,2,Top
2141,2000,2,Top
2143,2000,2,Top
2145,2000,2,Top
2147,2000,2,Top
2149,2000,2,Top
2151,2000,2,Top
2153,2000,2,Top
2155,2000,2,Top
2157,2000,2,Top
2159,2000,2,Top
2161,2000,2,Top
2163,2000,2,Top
2165,2000,2,Top
2167,2000,2,Top
2170,2000,2,Top
2172,2000,2,Top
2174,2000,2,Top
2176,2000,2,Top
2178,2000,2,Top
2180,2000,2,Top
2182,2000,2,Top
2184,2000,2,Top
2186,2000,2,Top
2188,2000,2,Top
2190,2000,2,Top
2192,2000,2,Top
2194,2000,2,Top
2196,2000,2,Top
2198,2000,2,Top
2200,2000,2,Top
2202,2000,2,Top
2204,2000,2,Top
2206,2000,2,Top
2208,2000,2,Top
2210,2000,2,Top
2212,2000,2,Top
2214,2000,2,Top
2216,2000,2,Top
2319,2000,2,Top
2321,2000,2,Top
2323,2000,2,Top
2325,2000,2,Top
2405,2000,2,Top
2407,2000,2,Top
2409,2000,2,Top
2411,2000,2,Top
3585,2000,2,Top
3587,2000,2,Top
3589,2000,2,Top
3591,2000,2,Top
3593,2000,2,Top
3595,2000,2,Top
1327,2000,2,Top
1329,2000,2,Top
1331,2000,2,Top
1105,2000,2,Top
1107,2000,2,Top
1109,2000,2,Top
1111,2000,2,Top
1113,2000,2,Top
1059,2000,2,Top
1061,2000,2,Top
1063,2000,2,Top
1065,2000,2,Top
1177,2000,2,Top
1179,2000,2,Top
1181,2000,2,Top
1183,2000,2,Top
1125,2000,2,Top
1127,2000,2,Top
1129,2000,2,Top
1131,2000,2,Top
1133,2000,2,Top
1315,2000,2,Top
1317,2000,2,Top
1319,2000,2,Top
1321,2000,2,Top
1323,2000,2,Top
1325,2000,2,Top
1275,2000,2,Top
1277,2000,2,Top
1279,2000,2,Top
1281,2000,2,Top
1283,2000,2,Top
1285,2000,2,Top
1287,2000,2,Top
1289,2000,2,Top
1291,2000,2,Top
1293,2000,2,Top
1295,2000,2,Top
1297,2000,2,Top
1227,2000,2,Top
1229,2000,2,Top
1231,2000,2,Top
1233,2000,2,Top
1235,2000,2,Top
1237,2000,2,Top
1239,2000,2,Top
1241,2000,2,Top
1167,2000,2,Top
1169,2000,2,Top
1171,2000,2,Top
1173,2000,2,Top
1175,2000,2,Top
1333,2000,2,Top
1335,2000,2,Top
1337,2000,2,Top
1149,2000,2,Top
1151,2000,2,Top
1153,2000,2,Top
1155,2000,2,Top
2232,2000,2,Top
2234,2000,2,Top
2236,2000,2,Top
2238,2000,2,Top
2240,2000,2,Top
2242,2000,2,Top
2244,2000,2,Top
2246,2000,2,Top
2248,2000,2,Top
1300,2000,2,Bottom
1792,2000,2,Bottom
1794,2000,2,Bottom
1796,2000,2,Bottom
1798,2000,2,Bottom
1800,2000,2,Bottom
1802,2000,2,Bottom
1804,2000,2,Bottom
1806,2000,2,Bottom
1808,2000,2,Bottom
1810,2000,2,Bottom
1812,2000,2,Bottom
2002,2000,2,Bottom
2004,2000,2,Bottom
2006,2000,2,Bottom
2008,2000,2,Bottom
2010,2000,2,Bottom
2012,2000,2,Bottom
2014,2000,2,Bottom
2016,2000,2,Bottom
2018,2000,2,Bottom
2020,2000,2,Bottom
2022,2000,2,Bottom
2024,2000,2,Bottom
2026,2000,2,Bottom
2028,2000,2,Bottom
2030,2000,2,Bottom
2032,2000,2,Bottom
2036,2000,2,Bottom
2038,2000,2,Bottom
2040,2000,2,Bottom
2042,2000,2,Bottom
2044,2000,2,Bottom
2046,2000,2,Bottom
2048,2000,2,Bottom
2050,2000,2,Bottom
2052,2000,2,Bottom
2054,2000,2,Bottom
2056,2000,2,Bottom
2058,2000,2,Bottom
2060,2000,2,Bottom
2062,2000,2,Bottom
2064,2000,2,Bottom
2066,2000,2,Bottom
2068,2000,2,Bottom
2070,2000,2,Bottom
2072,2000,2,Bottom
2074,2000,2,Bottom
2076,2000,2,Bottom
2078,2000,2,Bottom
2080,2000,2,Bottom
2082,2000,2,Bottom
2084,2000,2,Bottom
2086,2000,2,Bottom
2088,2000,2,Bottom
2090,2000,2,Bottom
2092,2000,2,Bottom
2094,2000,2,Bottom
2096,2000,2,Bottom
2098,2000,2,Bottom
2100,2000,2,Bottom
2102,2000,2,Bottom
2104,2000,2,Bottom
2106,2000,2,Bottom
2114,2000,2,Bottom
2116,2000,2,Bottom
2118,2000,2,Bottom
2120,2000,2,Bottom
2122,2000,2,Bottom
2124,2000,2,Bottom
2126,2000,2,Bottom
2128,2000,2,Bottom
2130,2000,2,Bottom
2132,2000,2,Bottom
2134,2000,2,Bottom
2136,2000,2,Bottom
2138,2000,2,Bottom
2140,2000,2,Bottom
2142,2000,2,Bottom
2144,2000,2,Bottom
2146,2000,2,Bottom
2148,2000,2,Bottom
2150,2000,2,Bottom
2152,2000,2,Bottom
2154,2000,2,Bottom
2156,2000,2,Bottom
2158,2000,2,Bottom
2160,2000,2,Bottom
2162,2000,2,Bottom
2164,2000,2,Bottom
2166,2000,2,Bottom
2168,2000,2,Bottom
2171,2000,2,Bottom
2173,2000,2,Bottom
2175,2000,2,Bottom
2177,2000,2,Bottom
2179,2000,2,Bottom
2181,2000,2,Bottom
2183,2000,2,Bottom
2185,2000,2,Bottom
2187,2000,2,Bottom
2189,2000,2,Bottom
2191,2000,2,Bottom
2193,2000,2,Bottom
2195,2000,2,Bottom
2197,2000,2,Bottom
2199,2000,2,Bottom
2201,2000,2,Bottom
2203,2000,2,Bottom
2205,2000,2,Bottom
2207,2000,2,Bottom
2209,2000,2,Bottom
2211,2000,2,Bottom
2213,2000,2,Bottom
2215,2000,2,Bottom
2217,2000,2,Bottom
2320,2000,2,Bottom
2322,2000,2,Bottom
2324,2000,2,Bottom
2326,2000,2,Bottom
2406,2000,2,Bottom
2408,2000,2,Bottom
2410,2000,2,Bottom
2412,2000,2,Bottom
3586,2000,2,Bottom
3588,2000,2,Bottom
3590,2000,2,Bottom
3592,2000,2,Bottom
3594,2000,2,Bottom
3596,2000,2,Bottom
1328,2000,2,Bottom
1330,2000,2,Bottom
1332,2000,2,Bottom
1106,2000,2,Bottom
1108,2000,2,Bottom
1110,2000,2,Bottom
1112,2000,2,Bottom
1114,2000,2,Bottom
1060,2000,2,Bottom
1062,2000,2,Bottom
1064,2000,2,Bottom
1066,2000,2,Bottom
1178,2000,2,Bottom
1180,2000,2,Bottom
1182,2000,2,Bottom
1184,2000,2,Bottom
1126,2000,2,Bottom
1128,2000,2,Bottom
1130,2000,2,Bottom
1132,2000,2,Bottom
1134,2000,2,Bottom
1316,2000,2,Bottom
1318,2000,2,Bottom
1320,2000,2,Bottom
1322,2000,2,Bottom
1324,2000,2,Bottom
1326,2000,2,Bottom
1276,2000,2,Bottom
1278,2000,2,Bottom
1280,2000,2,Bottom
1282,2000,2,Bottom
1284,2000,2,Bottom
1286,2000,2,Bottom
1288,2000,2,Bottom
1290,2000,2,Bottom
1292,2000,2,Bottom
1294,2000,2,Bottom
1296,2000,2,Bottom
1298,2000,2,Bottom
1228,2000,2,Bottom
1230,2000,2,Bottom
1232,2000,2,Bottom
1234,2000,2,Bottom
1236,2000,2,Bottom
1238,2000,2,Bottom
1240,2000,2,Bottom
1242,2000,2,Bottom
1168,2000,2,Bottom
1170,2000,2,Bottom
1172,2000,2,Bottom
1174,2000,2,Bottom
1176,2000,2,Bottom
1334,2000,2,Bottom
1336,2000,2,Bottom
1338,2000,2,Bottom
1150,2000,2,Bottom
1152,2000,2,Bottom
1154,2000,2,Bottom
1156,2000,2,Bottom
2233,2000,2,Bottom
2235,2000,2,Bottom
2237,2000,2,Bottom
2239,2000,2,Bottom
2241,2000,2,Bottom
2243,2000,2,Bottom
2245,2000,2,Bottom
2247,2000,2,Bottom
2249,2000,2,Bottom
3002,2000,3,Bottom
3004,2000,3,Bottom
3006,2000,3,Bottom
3008,2000,3,Bottom
3010,2000,3,Bottom
3012,2000,3,Bottom
3014,2000,3,Bottom
3016,2000,3,Bottom
3018,2000,3,Bottom
3020,2000,3,Bottom
3022,2000,3,Bottom
3024,2000,3,Bottom
3026,2000,3,Bottom
3028,2000,3,Bottom
3030,2000,3,Bottom
3032,2000,3,Bottom
3034,2000,3,Bottom
3036,2000,3,Bottom
3038,2000,3,Bottom
3040,2000,3,Bottom
3042,2000,3,Bottom
3044,2000,3,Bottom
3046,2000,3,Bottom
3048,2000,3,Bottom
3050,2000,3,Bottom
3052,2000,3,Bottom
3054,2000,3,Bottom
3056,2000,3,Bottom
3058,2000,3,Bottom
3060,2000,3,Bottom
3062,2000,3,Bottom
3064,2000,3,Bottom
3066,2000,3,Bottom
3068,2000,3,Bottom
3070,2000,3,Bottom
3072,2000,3,Bottom
3074,2000,3,Bottom
3076,2000,3,Bottom
3078,2000,3,Bottom
3080,2000,3,Bottom
3082,2000,3,Bottom
3084,2000,3,Bottom
3086,2000,3,Bottom
3088,2000,3,Bottom
3090,2000,3,Bottom
3092,2000,3,Bottom
3094,2000,3,Bottom
3096,2000,3,Bottom
3098,2000,3,Bottom
3100,2000,3,Bottom
3102,2000,3,Bottom
3104,2000,3,Bottom
3106,2000,3,Bottom
3108,2000,3,Bottom
3110,2000,3,Bottom
3112,2000,3,Bottom
3114,2000,3,Bottom
3116,2000,3,Bottom
3118,2000,3,Bottom
3120,2000,3,Bottom
3122,2000,3,Bottom
3124,2000,3,Bottom
3126,2000,3,Bottom
3128,2000,3,Bottom
3130,2000,3,Bottom
3132,2000,3,Bottom
3134,2000,3,Bottom
3136,2000,3,Bottom
3138,2000,3,Bottom
3140,2000,3,Bottom
3142,2000,3,Bottom
3144,2000,3,Bottom
3146,2000,3,Bottom
3148,2000,3,Bottom
3150,2000,3,Bottom
3152,2000,3,Bottom
3154,2000,3,Bottom
3156,2000,3,Bottom
3158,2000,3,Bottom
3160,2000,3,Bottom
3162,2000,3,Bottom
3164,2000,3,Bottom
3166,2000,3,Bottom
3168,2000,3,Bottom
3170,2000,3,Bottom
3172,2000,3,Bottom
3174,2000,3,Bottom
3176,2000,3,Bottom
3178,2000,3,Bottom
3180,2000,3,Bottom
3182,2000,3,Bottom
3184,2000,3,Bottom
3186,2000,3,Bottom
3188,2000,3,Bottom
3190,2000,3,Bottom
3192,2000,3,Bottom
3194,2000,3,Bottom
3196,2000,3,Bottom
3198,2000,3,Bottom
3200,2000,3,Bottom
3202,2000,3,Bottom
3204,2000,3,Bottom
3206,2000,3,Bottom
3208,2000,3,Bottom
3210,2000,3,Bottom
3212,2000,3,Bottom
3214,2000,3,Bottom
3216,2000,3,Bottom
3218,2000,3,Bottom
3220,2000,3,Bottom
3222,2000,3,Bottom
3224,2000,3,Bottom
3226,2000,3,Bottom
3228,2000,3,Bottom
3230,2000,3,Bottom
3232,2000,3,Bottom
3234,2000,3,Bottom
3236,2000,3,Bottom
3238,2000,3,Bottom
3240,2000,3,Bottom
3242,2000,3,Bottom
3244,2000,3,Bottom
3246,2000,3,Bottom
3248,2000,3,Bottom
3250,2000,3,Bottom
3252,2000,3,Bottom
3254,2000,3,Bottom
3256,2000,3,Bottom
3258,2000,3,Bottom
3260,2000,3,Bottom
3262,2000,3,Bottom
3264,2000,3,Bottom
3266,2000,3,Bottom
3268,2000,3,Bottom
3270,2000,3,Bottom
3272,2000,3,Bottom
3274,2000,3,Bottom
3276,2000,3,Bottom
3278,2000,3,Bottom
3280,2000,3,Bottom
3282,2000,3,Bottom
52001,5000,2,Top
52002,5000,2,Top
52005,5000,2,Top
52006,5000,2,Top
52009,5000,2,Top
52010,5000,2,Top
52013,5000,2,Top
52014,5000,2,Top
52017,5000,2,Top
52018,5000,2,Top
52021,5000,2,Top
52022,5000,2,Top
52025,5000,2,Top
52026,5000,2,Top
52029,5000,2,Top
52030,5000,2,Top
52033,5000,2,Top
52034,5000,2,Top
52037,5000,2,Top
52038,5000,2,Top
52041,5000,2,Top
52042,5000,2,Top
52045,5000,2,Top
52046,5000,2,Top
52049,5000,2,Top
52050,5000,2,Top
52053,5000,2,Top
52054,5000,2,Top
52057,5000,2,Top
52058,5000,2,Top
52061,5000,2,Top
52062,5000,2,Top
52065,5000,2,Top
52066,5000,2,Top
52069,5000,2,Top
52070,5000,2,Top
52073,5000,2,Top
52074,5000,2,Top
52077,5000,2,Top
52078,5000,2,Top
52081,5000,2,Top
52082,5000,2,Top
52085,5000,2,Top
52086,5000,2,Top
52089,5000,2,Top
52090,5000,2,Top
52093,5000,2,Top
52094,5000,2,Top
52003,5000,2,Bottom
52004,5000,2,Bottom
52007,5000,2,Bottom
52008,5000,2,Bottom
52011,5000,2,Bottom
52012,5000,2,Bottom
52015,5000,2,Bottom
52016,5000,2,Bottom
52019,5000,2,Bottom
52020,5000,2,Bottom
52023,5000,2,Bottom
52024,5000,2,Bottom
52027,5000,2,Bottom
52028,5000,2,Bottom
52031,5000,2,Bottom
52032,5000,2,Bottom
52035,5000,2,Bottom
52036,5000,2,Bottom
52039,5000,2,Bottom
52040,5000,2,Bottom
52043,5000,2,Bottom
52044,5000,2,Bottom
52047,5000,2,Bottom
52048,5000,2,Bottom
52051,5000,2,Bottom
52052,5000,2,Bottom
52055,5000,2,Bottom
52056,5000,2,Bottom
52059,5000,2,Bottom
52060,5000,2,Bottom
52063,5000,2,Bottom
52064,5000,2,Bottom
52067,5000,2,Bottom
52068,5000,2,Bottom
52071,5000,2,Bottom
52072,5000,2,Bottom
52075,5000,2,Bottom
52076,5000,2,Bottom
52079,5000,2,Bottom
52080,5000,2,Bottom
52083,5000,2,Bottom
52084,5000,2,Bottom
52087,5000,2,Bottom
52088,5000,2,Bottom
52091,5000,2,Bottom
52092,5000,2,Bottom
52095,5000,2,Bottom
52096,5000,2,Bottom
53001,5000,3,Top
53002,5000,3,Top
53005,5000,3,Top
53006,5000,3,Top
53009,5000,3,Top
53010,5000,3,Top
53013,5000,3,Top
53014,5000,3,Top
53017,5000,3,Top
53018,5000,3,Top
53021,5000,3,Top
53022,5000,3,Top
53025,5000,3,Top
53026,5000,3,Top
53029,5000,3,Top
53030,5000,3,Top
53033,5000,3,Top
53034,5000,3,Top
53037,5000,3,Top
53038,5000,3,Top
53041,5000,3,Top
53042,5000,3,Top
53045,5000,3,Top
53046,5000,3,Top
53049,5000,3,Top
53050,5000,3,Top
53053,5000,3,Top
53054,5000,3,Top
53057,5000,3,Top
53058,5000,3,Top
53061,5000,3,Top
53062,5000,3,Top
53065,5000,3,Top
53066,5000,3,Top
53069,5000,3,Top
53070,5000,3,Top
53073,5000,3,Top
53074,5000,3,Top
53077,5000,3,Top
53078,5000,3,Top
53081,5000,3,Top
53082,5000,3,Top
53085,5000,3,Top
53086,5000,3,Top
53089,5000,3,Top
53090,5000,3,Top
53093,5000,3,Top
53094,5000,3,Top
53097,5000,3,Top
53098,5000,3,Top
53101,5000,3,Top
53102,5000,3,Top
53105,5000,3,Top
53106,5000,3,Top
53109,5000,3,Top
53110,5000,3,Top
53113,5000,3,Top
53114,5000,3,Top
53117,5000,3,Top
53118,5000,3,Top
53121,5000,3,Top
53122,5000,3,Top
53125,5000,3,Top
53126,5000,3,Top
53129,5000,3,Top
53130,5000,3,Top
53133,5000,3,Top
53134,5000,3,Top
53137,5000,3,Top
53138,5000,3,Top
53141,5000,3,Top
53142,5000,3,Top
53145,5000,3,Top
53149,5000,3,Top
53153,5000,3,Top
53157,5000,3,Top
53161,5000,3,Top
53165,5000,3,Top
53169,5000,3,Top
53173,5000,3,Top
53177,5000,3,Top
53181,5000,3,Top
53185,5000,3,Top
53189,5000,3,Top
53003,5000,3,Bottom
53004,5000,3,Bottom
53007,5000,3,Bottom
53008,5000,3,Bottom
53011,5000,3,Bottom
53012,5000,3,Bottom
53015,5000,3,Bottom
53016,5000,3,Bottom
53019,5000,3,Bottom
53020,5000,3,Bottom
53023,5000,3,Bottom
53024,5000,3,Bottom
53027,5000,3,Bottom
53028,5000,3,Bottom
53031,5000,3,Bottom
53032,5000,3,Bottom
53035,5000,3,Bottom
53036,5000,3,Bottom
53039,5000,3,Bottom
53040,5000,3,Bottom
53043,5000,3,Bottom
53044,5000,3,Bottom
53047,5000,3,Bottom
53048,5000,3,Bottom
53051,5000,3,Bottom
53052,5000,3,Bottom
53055,5000,3,Bottom
53056,5000,3,Bottom
53059,5000,3,Bottom
53060,5000,3,Bottom
53063,5000,3,Bottom
53064,5000,3,Bottom
53067,5000,3,Bottom
53068,5000,3,Bottom
53071,5000,3,Bottom
53072,5000,3,Bottom
53075,5000,3,Bottom
53076,5000,3,Bottom
53079,5000,3,Bottom
53080,5000,3,Bottom
53083,5000,3,Bottom
53084,5000,3,Bottom
53087,5000,3,Bottom
53088,5000,3,Bottom
53091,5000,3,Bottom
53092,5000,3,Bottom
53095,5000,3,Bottom
53096,5000,3,Bottom
53099,5000,3,Bottom
53100,5000,3,Bottom
53103,5000,3,Bottom
53104,5000,3,Bottom
53107,5000,3,Bottom
53108,5000,3,Bottom
53111,5000,3,Bottom
53112,5000,3,Bottom
53115,5000,3,Bottom
53116,5000,3,Bottom
53119,5000,3,Bottom
53120,5000,3,Bottom
53123,5000,3,Bottom
53124,5000,3,Bottom
53127,5000,3,Bottom
53128,5000,3,Bottom
53131,5000,3,Bottom
53132,5000,3,Bottom
53135,5000,3,Bottom
53136,5000,3,Bottom
53139,5000,3,Bottom
53140,5000,3,Bottom
53143,5000,3,Bottom
53144,5000,3,Bottom
53147,5000,3,Bottom
53151,5000,3,Bottom
53155,5000,3,Bottom
53159,5000,3,Bottom
53163,5000,3,Bottom
53167,5000,3,Bottom
53171,5000,3,Bottom
53175,5000,3,Bottom
53179,5000,3,Bottom
53183,5000,3,Bottom
53187,5000,3,Bottom
53191,5000,3,Bottom
71001,7000,1,Top
71002,7000,1,Top
71005,7000,1,Top
71006,7000,1,Top
71009,7000,1,Top
71010,7000,1,Top
71013,7000,1,Top
71014,7000,1,Top
71017,7000,1,Top
71018,7000,1,Top
71021,7000,1,Top
71022,7000,1,Top
71025,7000,1,Top
71026,7000,1,Top
71029,7000,1,Top
71030,7000,1,Top
71033,7000,1,Top
71034,7000,1,Top
71037,7000,1,Top
71038,7000,1,Top
71041,7000,1,Top
71042,7000,1,Top
71045,7000,1,Top
71046,7000,1,Top
71049,7000,1,Top
71050,7000,1,Top
71053,7000,1,Top
71054,7000,1,Top
71057,7000,1,Top
71058,7000,1,Top
71061,7000,1,Top
71062,7000,1,Top
71065,7000,1,Top
71066,7000,1,Top
71069,7000,1,Top
71070,7000,1,Top
71073,7000,1,Top
71074,7000,1,Top
71077,7000,1,Top
71078,7000,1,Top
71081,7000,1,Top
71082,7000,1,Top
71085,7000,1,Top
71086,7000,1,Top
71089,7000,1,Top
71090,7000,1,Top
71093,7000,1,Top
71094,7000,1,Top
71097,7000,1,Top
71098,7000,1,Top
71101,7000,1,Top
71102,7000,1,Top
71105,7000,1,Top
71106,7000,1,Top
71109,7000,1,Top
71110,7000,1,Top
71113,7000,1,Top
71114,7000,1,Top
71117,7000,1,Top
71118,7000,1,Top
71121,7000,1,Top
71122,7000,1,Top
71125,7000,1,Top
71126,7000,1,Top
71129,7000,1,Top
71130,7000,1,Top
71133,7000,1,Top
71134,7000,1,Top
71137,7000,1,Top
71138,7000,1,Top
71141,7000,1,Top
71142,7000,1,Top
71145,7000,1,Top
71146,7000,1,Top
71149,7000,1,Top
71150,7000,1,Top
71153,7000,1,Top
71157,7000,1,Top
71003,7000,1,Bottom
71004,7000,1,Bottom
71007,7000,1,Bottom
71008,7000,1,Bottom
71011,7000,1,Bottom
71012,7000,1,Bottom
71015,7000,1,Bottom
71016,7000,1,Bottom
71019,7000,1,Bottom
71020,7000,1,Bottom
71023,7000,1,Bottom
71024,7000,1,Bottom
71027,7000,1,Bottom
71028,7000,1,Bottom
71031,7000,1,Bottom
71032,7000,1,Bottom
71035,7000,1,Bottom
71036,7000,1,Bottom
71039,7000,1,Bottom
71040,7000,1,Bottom
71043,7000,1,Bottom
71044,7000,1,Bottom
71047,7000,1,Bottom
71048,7000,1,Bottom
71051,7000,1,Bottom
71052,7000,1,Bottom
71055,7000,1,Bottom
71056,7000,1,Bottom
71059,7000,1,Bottom
71060,7000,1,Bottom
71063,7000,1,Bottom
71064,7000,1,Bottom
71067,7000,1,Bottom
71068,7000,1,Bottom
71071,7000,1,Bottom
71072,7000,1,Bottom
71075,7000,1,Bottom
71076,7000,1,Bottom
71079,7000,1,Bottom
71080,7000,1,Bottom
71083,7000,1,Bottom
71084,7000,1,Bottom
71087,7000,1,Bottom
71088,7000,1,Bottom
71091,7000,1,Bottom
71092,7000,1,Bottom
71095,7000,1,Bottom
71096,7000,1,Bottom
71099,7000,1,Bottom
71100,7000,1,Bottom
71103,7000,1,Bottom
71104,7000,1,Bottom
71107,7000,1,Bottom
71108,7000,1,Bottom
71111,7000,1,Bottom
71112,7000,1,Bottom
71115,7000,1,Bottom
71116,7000,1,Bottom
71119,7000,1,Bottom
71120,7000,1,Bottom
71123,7000,1,Bottom
71124,7000,1,Bottom
71127,7000,1,Bottom
71128,7000,1,Bottom
71131,7000,1,Bottom
71132,7000,1,Bottom
71135,7000,1,Bottom
71136,7000,1,Bottom
71139,7000,1,Bottom
71140,7000,1,Bottom
71143,7000,1,Bottom
71144,7000,1,Bottom
71147,7000,1,Bottom
71148,7000,1,Bottom
71151,7000,1,Bottom
71152,7000,1,Bottom
71155,7000,1,Bottom
71159,7000,1,Bottom
72001,7000,2,Top
72002,7000,2,Top
72005,7000,2,Top
72006,7000,2,Top
72009,7000,2,Top
72010,7000,2,Top
72013,7000,2,Top
72014,7000,2,Top
72017,7000,2,Top
72018,7000,2,Top
72021,7000,2,Top
72022,7000,2,Top
72025,7000,2,Top
72026,7000,2,Top
72029,7000,2,Top
72030,7000,2,Top
72033,7000,2,Top
72034,7000,2,Top
72037,7000,2,Top
72038,7000,2,Top
72041,7000,2,Top
72042,7000,2,Top
72045,7000,2,Top
72046,7000,2,Top
72049,7000,2,Top
72050,7000,2,Top
72053,7000,2,Top
72054,7000,2,Top
72057,7000,2,Top
72058,7000,2,Top
72061,7000,2,Top
72062,7000,2,Top
72065,7000,2,Top
72066,7000,2,Top
72069,7000,2,Top
72070,7000,2,Top
72073,7000,2,Top
72074,7000,2,Top
72077,7000,2,Top
72078,7000,2,Top
72081,7000,2,Top
72082,7000,2,Top
72085,7000,2,Top
72086,7000,2,Top
72089,7000,2,Top
72090,7000,2,Top
72093,7000,2,Top
72094,7000,2,Top
72003,7000,2,Bottom
72004,7000,2,Bottom
72007,7000,2,Bottom
72008,7000,2,Bottom
72011,7000,2,Bottom
72012,7000,2,Bottom
72015,7000,2,Bottom
72016,7000,2,Bottom
72019,7000,2,Bottom
72020,7000,2,Bottom
72023,7000,2,Bottom
72024,7000,2,Bottom
72027,7000,2,Bottom
72028,7000,2,Bottom
72031,7000,2,Bottom
72032,7000,2,Bottom
72035,7000,2,Bottom
72036,7000,2,Bottom
72039,7000,2,Bottom
72040,7000,2,Bottom
72043,7000,2,Bottom
72044,7000,2,Bottom
72047,7000,2,Bottom
72048,7000,2,Bottom
72051,7000,2,Bottom
72052,7000,2,Bottom
72055,7000,2,Bottom
72056,7000,2,Bottom
72059,7000,2,Bottom
72060,7000,2,Bottom
72063,7000,2,Bottom
72064,7000,2,Bottom
72067,7000,2,Bottom
72068,7000,2,Bottom
72071,7000,2,Bottom
72072,7000,2,Bottom
72075,7000,2,Bottom
72076,7000,2,Bottom
72079,7000,2,Bottom
72080,7000,2,Bottom
72083,7000,2,Bottom
72084,7000,2,Bottom
72087,7000,2,Bottom
72088,7000,2,Bottom
72091,7000,2,Bottom
72092,7000,2,Bottom
72095,7000,2,Bottom
72096,7000,2,Bottom
73001,7000,3,Top
73002,7000,3,Top
73005,7000,3,Top
73006,7000,3,Top
73009,7000,3,Top
73010,7000,3,Top
73013,7000,3,Top
73014,7000,3,Top
73017,7000,3,Top
73018,7000,3,Top
73021,7000,3,Top
73022,7000,3,Top
73025,7000,3,Top
73026,7000,3,Top
73029,7000,3,Top
73030,7000,3,Top
73033,7000,3,Top
73034,7000,3,Top
73037,7000,3,Top
73038,7000,3,Top
73041,7000,3,Top
73042,7000,3,Top
73045,7000,3,Top
73046,7000,3,Top
73049,7000,3,Top
73050,7000,3,Top
73053,7000,3,Top
73054,7000,3,Top
73057,7000,3,Top
73058,7000,3,Top
73061,7000,3,Top
73062,7000,3,Top
73065,7000,3,Top
73066,7000,3,Top
73069,7000,3,Top
73070,7000,3,Top
73073,7000,3,Top
73074,7000,3,Top
73077,7000,3,Top
73078,7000,3,Top
73081,7000,3,Top
73082,7000,3,Top
73085,7000,3,Top
73086,7000,3,Top
73089,7000,3,Top
73090,7000,3,Top
73093,7000,3,Top
73094,7000,3,Top
73097,7000,3,Top
73098,7000,3,Top
73101,7000,3,Top
73102,7000,3,Top
73105,7000,3,Top
73106,7000,3,Top
73109,7000,3,Top
73110,7000,3,Top
73113,7000,3,Top
73114,7000,3,Top
73117,7000,3,Top
73118,7000,3,Top
73121,7000,3,Top
73122,7000,3,Top
73125,7000,3,Top
73126,7000,3,Top
73130,7000,3,Top
73134,7000,3,Top
73138,7000,3,Top
73003,7000,3,Bottom
73004,7000,3,Bottom
73007,7000,3,Bottom
73008,7000,3,Bottom
73011,7000,3,Bottom
73012,7000,3,Bottom
73015,7000,3,Bottom
73016,7000,3,Bottom
73019,7000,3,Bottom
73020,7000,3,Bottom
73023,7000,3,Bottom
73024,7000,3,Bottom
73027,7000,3,Bottom
73028,7000,3,Bottom
73031,7000,3,Bottom
73032,7000,3,Bottom
73035,7000,3,Bottom
73036,7000,3,Bottom
73039,7000,3,Bottom
73040,7000,3,Bottom
73043,7000,3,Bottom
73044,7000,3,Bottom
73047,7000,3,Bottom
73048,7000,3,Bottom
73051,7000,3,Bottom
73052,7000,3,Bottom
73055,7000,3,Bottom
73056,7000,3,Bottom
73059,7000,3,Bottom
73060,7000,3,Bottom
73063,7000,3,Bottom
73064,7000,3,Bottom
73067,7000,3,Bottom
73068,7000,3,Bottom
73071,7000,3,Bottom
73072,7000,3,Bottom
73075,7000,3,Bottom
73076,7000,3,Bottom
73079,7000,3,Bottom
73080,7000,3,Bottom
73083,7000,3,Bottom
73084,7000,3,Bottom
73087,7000,3,Bottom
73088,7000,3,Bottom
73091,7000,3,Bottom
73092,7000,3,Bottom
73095,7000,3,Bottom
73096,7000,3,Bottom
73099,7000,3,Bottom
73100,7000,3,Bottom
73103,7000,3,Bottom
73104,7000,3,Bottom
73107,7000,3,Bottom
73108,7000,3,Bottom
73111,7000,3,Bottom
73112,7000,3,Bottom
73115,7000,3,Bottom
73116,7000,3,Bottom
73119,7000,3,Bottom
73120,7000,3,Bottom
73123,7000,3,Bottom
73124,7000,3,Bottom
73127,7000,3,Bottom
73128,7000,3,Bottom
73131,7000,3,Bottom
73132,7000,3,Bottom
73135,7000,3,Bottom
73136,7000,3,Bottom
73139,7000,3,Bottom
73140,7000,3,Bottom
5108,1000,3,Single
5109,1000,3,Single
5110,1000,3,Single
5112,1000,3,Single
5113,1000,3,Single
5114,1000,3,Single
5115,1000,3,Single
5116,1000,3,Single
5117,1000,3,Single
5118,1000,3,Single
5119,1000,3,Single
5120,1000,3,Single
5121,1000,3,Single
5122,1000,3,Single
5123,1000,3,Single
5124,1000,3,Single
5125,1000,3,Single
5126,1000,3,Single
5127,1000,3,Single
5128,1000,3,Single
5129,1000,3,Single
5130,1000,3,Single
5131,1000,3,Single
5132,1000,3,Single
5133,1000,3,Single
5134,1000,3,Single
5135,1000,3,Single
5136,1000,3,Single
5137,1000,3,Single
5138,1000,3,Single
5139,1000,3,Single
5140,1000,3,Single
5141,1000,3,Single
5142,1000,3,Single
5143,1000,3,Single
5144,1000,3,Single
5145,1000,3,Single
5146,1000,3,Single
5147,1000,3,Single
5148,1000,3,Single
5149,1000,3,Single
5150,1000,3,Single
5151,1000,3,Single
5152,1000,3,Single
5153,1000,3,Single
5154,1000,3,Single
5155,1000,3,Single
5156,1000,3,Single
5157,1000,3,Single
5158,1000,3,Single
5159,1000,3,Single
5160,1000,3,Single
5161,1000,3,Single
5162,1000,3,Single
5163,1000,3,Single
5164,1000,3,Single
5165,1000,3,Single
5166,1000,3,Single
5167,1000,3,Single
5168,1000,3,Single
5169,1000,3,Single
5170,1000,3,Single
6000,1000,3,Single
6001,1000,3,Single
6002,1000,3,Single
6003,1000,3,Single
6004,1000,3,Single
6005,1000,3,Single
6006,1000,3,Single
6007,1000,3,Single
6008,1000,3,Single
6009,1000,3,Single
6010,1000,3,Single
6011,1000,3,Single
6012,1000,3,Single
6013,1000,3,Single
6014,1000,3,Single
6015,1000,3,Single
6016,1000,3,Single
6017,1000,3,Single
6018,1000,3,Single
6019,1000,3,Single
6020,1000,3,Single
6021,1000,3,Single
6023,1000,3,Single
6024,1000,3,Single
6025,1000,3,Single
6026,1000,3,Single
6027,1000,3,Single
6028,1000,3,Single
6029,1000,3,Single
6030,1000,3,Single
6031,1000,3,Single
6032,1000,3,Single
6033,1000,3,Single
6034,1000,3,Single
6035,1000,3,Single
6036,1000,3,Single
6037,1000,3,Single
6038,1000,3,Single
6039,1000,3,Single
6040,1000,3,Single
6041,1000,3,Single
6042,1000,3,Single
6043,1000,3,Single
6044,1000,3,Single
6045,1000,3,Single
6046,1000,3,Single
6047,1000,3,Single
6048,1000,3,Single
6049,1000,3,Single
6050,1000,3,Single
6051,1000,3,Single
6052,1000,3,Single
6053,1000,3,Single
6054,1000,3,Single
6055,1000,3,Single
6056,1000,3,Single
6057,1000,3,Single
6058,1000,3,Single
6060,1000,3,Single
6061,1000,3,Single
6062,1000,3,Single
6063,1000,3,Single
6064,1000,3,Single
6065,1000,3,Single
6066,1000,3,Single
6067,1000,3,Single
6068,1000,3,Single
6069,1000,3,Single
6070,1000,3,Single
6071,1000,3,Single
6073,1000,3,Single
6074,1000,3,Single
6075,1000,3,Single
6076,1000,3,Single
6077,1000,3,Single
6078,1000,3,Single
6079,1000,3,Single
6080,1000,3,Single
6081,1000,3,Single
6082,1000,3,Single
6083,1000,3,Single
6084,1000,3,Single
6085,1000,3,Single
6086,1000,3,Single
6087,1000,3,Single
6088,1000,3,Single
6089,1000,3,Single
6090,1000,3,Single
6091,1000,3,Single
6092,1000,3,Single
6093,1000,3,Single
6094,1000,3,Single
6095,1000,3,Single
6096,1000,3,Single
6097,1000,3,Single
6098,1000,3,Single
6099,1000,3,Single
6100,1000,3,Single
6101,1000,3,Single
6102,1000,3,Single
6103,1000,3,Single
6104,1000,3,Single
6105,1000,3,Single
6106,1000,3,Single
6107,1000,3,Single
6108,1000,3,Single
6109,1000,3,Single
6110,1000,3,Single
6111,1000,3,Single
6112,1000,3,Single
6113,1000,3,Single
6114,1000,3,Single
6115,1000,3,Single
6116,1000,3,Single
6117,1000,3,Single
6118,1000,3,Single
6119,1000,3,Single
6120,1000,3,Single
6121,1000,3,Single
6122,1000,3,Single
6123,1000,3,Single
6124,1000,3,Single
6125,1000,3,Single
6126,1000,3,Single
6127,1000,3,Single
6128,1000,3,Single
6129,1000,3,Single
6130,1000,3,Single
6131,1000,3,Single
6132,1000,3,Single
6133,1000,3,Single
6134,1000,3,Single
6135,1000,3,Single
6136,1000,3,Single
6137,1000,3,Single
6138,1000,3,Single
6139,1000,3,Single
6140,1000,3,Single
6141,1000,3,Single
6142,1000,3,Single
6143,1000,3,Single
6144,1000,3,Single
6145,1000,3,Single
6146,1000,3,Single
6147,1000,3,Single
6148,1000,3,Single
6149,1000,3,Single
6150,1000,3,Single
6151,1000,3,Single
6152,1000,3,Single
6153,1000,3,Single
6154,1000,3,Single
6155,1000,3,Single
6156,1000,3,Single
6157,1000,3,Single
6158,1000,3,Single
6159,1000,3,Single
6160,1000,3,Single
6161,1000,3,Single
6162,1000,3,Single
6163,1000,3,Single
6164,1000,3,Single
1115,1000,1,Top
1117,1000,1,Top
1119,1000,1,Top
1121,1000,1,Top
1123,1000,1,Top
1501,1000,1,Top
1503,1000,1,Top
1505,1000,1,Top
1507,1000,1,Top
1521,1000,1,Top
1523,1000,1,Top
1116,1000,1,Bottom
1118,1000,1,Bottom
1120,1000,1,Bottom
1122,1000,1,Bottom
1124,1000,1,Bottom
1502,1000,1,Bottom
1504,1000,1,Bottom
1506,1000,1,Bottom
1508,1000,1,Bottom
1522,1000,1,Bottom
1524,1000,1,Bottom
1302,1000,3,Top
1304,1000,3,Top
1306,1000,3,Top
1307,1000,3,Top
1308,1000,3,Top
1309,1000,3,Top
1310,1000,3,Top
1311,1000,3,Top
3501,1000,3,Top
3503,1000,3,Top
3505,1000,3,Top
3507,1000,3,Top
3509,1000,3,Top
3511,1000,3,Top
3513,1000,3,Top
3515,1000,3,Top
3517,1000,3,Top
3519,1000,3,Top
3521,1000,3,Top
3523,1000,3,Top
3525,1000,3,Top
3527,1000,3,Top
3529,1000,3,Top
3531,1000,3,Top
3533,1000,3,Top
3535,1000,3,Top
3537,1000,3,Top
3539,1000,3,Top
3541,1000,3,Top
3543,1000,3,Top
3545,1000,3,Top
3547,1000,3,Top
3549,1000,3,Top
3551,1000,3,Top
3553,1000,3,Top
3555,1000,3,Top
3557,1000,3,Top
3559,1000,3,Top
3561,1000,3,Top
3563,1000,3,Top
3565,1000,3,Top
3567,1000,3,Top
3569,1000,3,Top
3571,1000,3,Top
3573,1000,3,Top
3781,1000,3,Top
3783,1000,3,Top
3785,1000,3,Top
3787,1000,3,Top
3789,1000,3,Top
3791,1000,3,Top
3793,1000,3,Top
3795,1000,3,Top
3797,1000,3,Top
3799,1000,3,Top
3801,1000,3,Top
3803,1000,3,Top
3805,1000,3,Top
3807,1000,3,Top
3809,1000,3,Top
3811,1000,3,Top
3813,1000,3,Top
3815,1000,3,Top
3817,1000,3,Top
3819,1000,3,Top
3821,1000,3,Top
3823,1000,3,Top
3825,1000,3,Top
3827,1000,3,Top
3829,1000,3,Top
3831,1000,3,Top
3833,1000,3,Top
3835,1000,3,Top
3853,1000,3,Top
3855,1000,3,Top
3857,1000,3,Top
3859,1000,3,Top
3861,1000,3,Top
3863,1000,3,Top
3865,1000,3,Top
3867,1000,3,Top
3869,1000,3,Top
3871,1000,3,Top
3873,1000,3,Top
3875,1000,3,Top
3877,1000,3,Top
3879,1000,3,Top
3881,1000,3,Top
3883,1000,3,Top
3885,1000,3,Top
3887,1000,3,Top
3889,1000,3,Top
3891,1000,3,Top
3893,1000,3,Top
3895,1000,3,Top
3897,1000,3,Top
3899,1000,3,Top
3901,1000,3,Top
3903,1000,3,Top
3905,1000,3,Top
3907,1000,3,Top
3909,1000,3,Top
3911,1000,3,Top
3913,1000,3,Top
3915,1000,3,Top
3917,1000,3,Top
3919,1000,3,Top
3921,1000,3,Top
3923,1000,3,Top
1312,1000,3,Bottom
1313,1000,3,Bottom
1314,1000,3,Bottom
3502,1000,3,Bottom
3504,1000,3,Bottom
3506,1000,3,Bottom
3508,1000,3,Bottom
3510,1000,3,Bottom
3512,1000,3,Bottom
3514,1000,3,Bottom
3516,1000,3,Bottom
3518,1000,3,Bottom
3520,1000,3,Bottom
3522,1000,3,Bottom
3524,1000,3,Bottom
3526,1000,3,Bottom
3528,1000,3,Bottom
3530,1000,3,Bottom
3532,1000,3,Bottom
3534,1000,3,Bottom
3536,1000,3,Bottom
3538,1000,3,Bottom
3540,1000,3,Bottom
3542,1000,3,Bottom
3544,1000,3,Bottom
3546,1000,3,Bottom
3548,1000,3,Bottom
3550,1000,3,Bottom
3552,1000,3,Bottom
3554,1000,3,Bottom
3556,1000,3,Bottom
3558,1000,3,Bottom
3560,1000,3,Bottom
3562,1000,3,Bottom
3564,1000,3,Bottom
3566,1000,3,Bottom
3568,1000,3,Bottom
3570,1000,3,Bottom
3572,1000,3,Bottom
3574,1000,3,Bottom
3782,1000,3,Bottom
3784,1000,3,Bottom
3786,1000,3,Bottom
3788,1000,3,Bottom
3790,1000,3,Bottom
3792,1000,3,Bottom
3794,1000,3,Bottom
3796,1000,3,Bottom
3798,1000,3,Bottom
3800,1000,3,Bottom
3802,1000,3,Bottom
3804,1000,3,Bottom
3806,1000,3,Bottom
3808,1000,3,Bottom
3810,1000,3,Bottom
3812,1000,3,Bottom
3814,1000,3,Bottom
3816,1000,3,Bottom
3818,1000,3,Bottom
3820,1000,3,Bottom
3822,1000,3,Bottom
3824,1000,3,Bottom
3826,1000,3,Bottom
3828,1000,3,Bottom
3830,1000,3,Bottom
3832,1000,3,Bottom
3834,1000,3,Bottom
3836,1000,3,Bottom
3854,1000,3,Bottom
3856,1000,3,Bottom
3858,1000,3,Bottom
3860,1000,3,Bottom
3862,1000,3,Bottom
3864,1000,3,Bottom
3866,1000,3,Bottom
3868,1000,3,Bottom
3870,1000,3,Bottom
3872,1000,3,Bottom
3874,1000,3,Bottom
3876,1000,3,Bottom
3878,1000,3,Bottom
3880,1000,3,Bottom
3882,1000,3,Bottom
3884,1000,3,Bottom
3886,1000,3,Bottom
3888,1000,3,Bottom
3890,1000,3,Bottom
3892,1000,3,Bottom
3894,1000,3,Bottom
3896,1000,3,Bottom
3898,1000,3,Bottom
3900,1000,3,Bottom
3902,1000,3,Bottom
3904,1000,3,Bottom
3906,1000,3,Bottom
3908,1000,3,Bottom
3910,1000,3,Bottom
3912,1000,3,Bottom
3914,1000,3,Bottom
3916,1000,3,Bottom
3918,1000,3,Bottom
3920,1000,3,Bottom
3922,1000,3,Bottom
3924,1000,3,Bottom
